transaction_id,timestamp,amount,currency,channel_id,channel_description,payment_method,settlement_date,actual_settlement_date,reconciliation_status,processing_fee,reference_number,settlement_delay_days,is_anomaly,anomaly_type,anomaly_reason,hour,day_of_week,is_weekend,is_business_hours,channel_avg_amount,channel_std_amount,amount_deviation
TXN_F46FF654,2024-01-01 13:05:00,162.8,EUR,CHANNEL_005,NDC,DIGITAL_WALLET,2024-01-02,2024-01-02,MATCHED,3.58,REF_769191,0,False,,,13,0,False,True,241.44414893617022,171.1966887643904,0.4593789138317056
TXN_DC41A808,2024-01-01 14:53:00,547.67,EUR,CHANNEL_010,PBL,AMOP,2024-01-02,2024-01-02,MATCHED,16.12,REF_386578,0,False,,,14,0,False,True,385.4075653356448,1550.0644555145593,0.10468108863930471
TXN_9E362E90,2024-01-01 16:52:00,365.68,USD,CHANNEL_003,Staff Travel,AMOP,2024-01-02,2024-01-02,MATCHED,7.09,REF_892170,0,False,,,16,0,False,True,495.366892976174,1638.3171994323789,0.07915859823793955
TXN_117DA53B,2024-01-02 00:43:00,774.73,EUR,CHANNEL_003,Staff Travel,AMOP,2024-01-05,2024-01-05,MATCHED,21.62,REF_185090,0,False,,,0,1,False,False,495.366892976174,1638.3171994323789,0.17051832643923645
TXN_100DBCE5,2024-01-02 03:49:00,132.86,GBP,CHANNEL_007,Airlines Holidays,CARD,2024-01-05,2024-01-05,MATCHED,3.47,REF_361303,0,False,,,3,1,False,False,289.37843749999996,201.46105413533996,0.7769166014333078
TXN_ACF162B0,2024-01-02 16:47:00,119.36,USD,CHANNEL_001,Airlines.com,DIGITAL_WALLET,2024-01-04,2024-01-04,MATCHED,3.2,REF_285810,0,False,,,16,1,False,True,529.5399166114732,1898.670997744395,0.2160352778858283
TXN_9878BA64,2024-01-02 16:49:00,125.86,USD,CHANNEL_010,PBL,CARD,2024-01-03,2024-01-03,MATCHED,3.58,REF_444622,0,False,,,16,1,False,True,385.4075653356448,1550.0644555145593,0.16744307916504375
TXN_D59CDCEB,2024-01-02 17:35:00,175.05,GBP,CHANNEL_007,Airlines Holidays,CARD,2024-01-04,2024-01-04,MATCHED,3.6,REF_626611,0,False,,,17,1,False,True,289.37843749999996,201.46105413533996,0.5674964721627784
TXN_F83CA7C5,2024-01-03 03:40:00,697.15,USD,CHANNEL_007,Airlines Holidays,AMOP,2024-01-06,2024-01-06,UNMATCHED,17.25,REF_138815,0,False,,,3,2,False,False,289.37843749999996,201.46105413533996,2.0240714228868386
TXN_A791B9ED,2024-01-03 07:05:00,208.04,USD,CHANNEL_003,Staff Travel,CARD,2024-01-05,2024-01-05,MATCHED,2.98,REF_489438,0,False,,,7,2,False,False,495.366892976174,1638.3171994323789,0.17537928129895908
TXN_DE4B4263,2024-01-03 21:15:00,96.81,GBP,CHANNEL_010,PBL,DIGITAL_WALLET,2024-01-04,2024-01-04,MATCHED,2.43,REF_693297,0,False,,,21,2,False,False,385.4075653356448,1550.0644555145593,0.18618423531287412
TXN_C944AB88,2024-01-03 22:21:00,397.76,EUR,CHANNEL_002,Mobile App,AMOP,2024-01-04,2024-01-04,MATCHED,5.03,REF_945106,0,False,,,22,2,False,False,289.71385321100917,220.87662228085722,0.48916968067179145
TXN_5862FEFF,2024-01-04 08:26:00,155.21,EUR,CHANNEL_004,New .com,DIGITAL_WALLET,2024-01-05,2024-01-05,MATCHED,4.62,REF_560623,0,False,,,8,3,False,False,413.8197789891696,956.7559280432754,0.2702985906949848
TXN_82B29909,2024-01-04 16:13:00,412.51,GBP,CHANNEL_004,New .com,AMOP,2024-01-07,2024-01-08,MATCHED,11.56,REF_628687,1,False,,,16,3,False,True,413.8197789891696,956.7559280432754,0.0013689792252955574
TXN_73E2FC19,2024-01-04 23:27:00,187.1,USD,CHANNEL_004,New .com,CARD,2024-01-05,2024-01-19,UNMATCHED,3.5,REF_256206,27,True,settlement_delay,Excessive settlement delay detected.,23,3,False,False,413.8197789891696,956.7559280432754,0.2369672058921539
TXN_0CA132A4,2024-01-05 08:50:00,190.4,EUR,CHANNEL_004,New .com,CARD,2024-01-08,2024-01-08,MATCHED,5.1,REF_736333,0,False,,,8,4,False,False,413.8197789891696,956.7559280432754,0.2335180503622278
TXN_BEFC37A6,2024-01-05 11:50:00,218.51,GBP,CHANNEL_002,Mobile App,AMOP,2024-01-08,2024-01-08,MATCHED,5.39,REF_893435,0,False,,,11,4,False,True,289.71385321100917,220.87662228085722,0.3223693502541406
TXN_948BF2A5,2024-01-06 00:00:00,631.31,GBP,CHANNEL_010,PBL,AMOP,2024-01-15,2024-01-15,MATCHED,18.86,REF_725084,0,True,weekend_processing,"Transaction processed on a weekend, which is unusual.",0,5,True,False,385.4075653356448,1550.0644555145593,0.15864013511794606
TXN_EE8F8EB3,2024-01-06 00:00:00,204.15,GBP,CHANNEL_007,Airlines Holidays,DIGITAL_WALLET,2024-03-11,2024-03-11,MATCHED,5.52,REF_432043,0,True,weekend_processing,"Transaction processed on a weekend, which is unusual.",0,5,True,False,289.37843749999996,201.46105413533996,0.4230516804639777
TXN_710EA933,2024-01-06 00:00:00,1044.03,USD,CHANNEL_006,FLY,AMOP,2024-05-06,2024-05-06,MATCHED,17.14,REF_827369,0,True,weekend_processing,"Transaction processed on a weekend, which is unusual.",0,5,True,False,371.08757800219786,994.9815597278657,0.6763365767118904
TXN_71B86799,2024-01-06 00:00:00,215.22,EUR,CHANNEL_003,Staff Travel,DIGITAL_WALLET,2024-04-23,2024-04-23,MATCHED,2.56,REF_265603,0,True,weekend_processing,"Transaction processed on a weekend, which is unusual.",0,5,True,False,495.366892976174,1638.3171994323789,0.17099673559749926
TXN_B8953C2F,2024-01-06 00:00:00,680.79,GBP,CHANNEL_009,ANDC,AMOP,2024-01-25,2024-01-27,MATCHED,10.35,REF_975355,2,True,weekend_processing,"Transaction processed on a weekend, which is unusual.",0,5,True,False,585.2624009644618,1888.243275053581,0.05059072646919792
TXN_CFAD9057,2024-01-06 00:00:00,139.55,GBP,CHANNEL_009,ANDC,CARD,2024-01-30,2024-01-30,MATCHED,3.61,REF_651186,0,True,weekend_processing,"Transaction processed on a weekend, which is unusual.",0,5,True,False,585.2624009644618,1888.243275053581,0.2360460682439418
TXN_AA96A7E6,2024-01-06 00:00:00,139.59,USD,CHANNEL_009,ANDC,CARD,2024-04-24,2024-04-24,MATCHED,3.83,REF_276299,0,True,weekend_processing,"Transaction processed on a weekend, which is unusual.",0,5,True,False,585.2624009644618,1888.243275053581,0.23602488453285517
TXN_12C26049,2024-01-06 01:15:00,235.38,USD,CHANNEL_009,ANDC,AMOP,2024-01-09,2024-01-09,MATCHED,4.66,REF_469007,0,False,,,1,5,True,False,585.2624009644618,1888.243275053581,0.18529519240815698
TXN_016341B3,2024-01-06 08:43:00,232.0,GBP,CHANNEL_006,FLY,CARD,2024-01-09,2024-01-09,MATCHED,6.11,REF_345637,0,False,,,8,5,True,False,371.08757800219786,994.9815597278657,0.13978910125755423
TXN_906BF383,2024-01-06 10:13:00,156.28,GBP,CHANNEL_009,ANDC,CARD,2024-01-08,2024-01-08,MATCHED,3.27,REF_248213,0,False,,,10,5,True,True,585.2624009644618,1888.243275053581,0.2271859810819604
TXN_49C884AD,2024-01-06 18:24:00,165.08,USD,CHANNEL_008,Contact Center,CARD,2024-01-08,2024-01-08,UNMATCHED,2.64,REF_539375,0,False,,,18,5,True,False,306.0762376237624,215.62196186312508,0.6539048082368601
TXN_B0A215B9,2024-01-06 18:48:00,178.45,GBP,CHANNEL_005,NDC,DIGITAL_WALLET,2024-01-07,2024-01-07,MATCHED,2.93,REF_910326,0,False,,,18,5,True,False,241.44414893617022,171.1966887643904,0.36796359433602127
TXN_EF1F9B89,2024-01-06 19:09:00,121.69,USD,CHANNEL_004,New .com,CARD,2024-01-09,2024-01-09,MATCHED,2.85,REF_368690,0,False,,,19,5,True,False,413.8197789891696,956.7559280432754,0.30533364928987006
TXN_0801FAF8,2024-01-06 22:52:00,270.17,EUR,CHANNEL_005,NDC,DIGITAL_WALLET,2024-01-09,2024-01-09,MATCHED,5.71,REF_472932,0,False,,,22,5,True,False,241.44414893617022,171.1966887643904,0.16779443148788803
TXN_7A269803,2024-01-07 00:00:00,207.3,EUR,CHANNEL_004,New .com,AMOP,2024-01-03,2024-01-03,MATCHED,4.59,REF_324082,0,True,weekend_processing,"Transaction processed on a weekend, which is unusual.",0,6,True,False,413.8197789891696,956.7559280432754,0.21585419325442468
TXN_4D7DE279,2024-01-07 00:00:00,89.26,EUR,CHANNEL_002,Mobile App,DIGITAL_WALLET,2024-03-18,2024-03-18,MATCHED,2.25,REF_599127,0,True,weekend_processing,"Transaction processed on a weekend, which is unusual.",0,6,True,False,289.71385321100917,220.87662228085722,0.9075376612565211
TXN_31E02B94,2024-01-07 00:00:00,361.42,GBP,CHANNEL_010,PBL,AMOP,2024-03-09,2024-03-09,MATCHED,8.05,REF_616428,0,True,weekend_processing,"Transaction processed on a weekend, which is unusual.",0,6,True,False,385.4075653356448,1550.0644555145593,0.0154752050795732
TXN_86081EC9,2024-01-07 00:00:00,96.46,EUR,CHANNEL_001,Airlines.com,DIGITAL_WALLET,2024-04-14,2024-04-14,MATCHED,1.86,REF_893188,0,True,weekend_processing,"Transaction processed on a weekend, which is unusual.",0,6,True,False,529.5399166114732,1898.670997744395,0.22809634587875863
TXN_A9F900D6,2024-01-07 09:43:00,824.94,USD,CHANNEL_002,Mobile App,AMOP,2024-01-08,2024-01-08,MATCHED,17.99,REF_185000,0,False,,,9,6,True,True,289.71385321100917,220.87662228085722,2.4231905634106465
TXN_5BBAA81A,2024-01-07 11:35:00,338.34,USD,CHANNEL_010,PBL,AMOP,2024-01-10,2024-01-10,MATCHED,8.82,REF_168941,0,False,,,11,6,True,True,385.4075653356448,1550.0644555145593,0.030364908483770287
TXN_6B7E07A8,2024-01-07 12:33:00,194.18,USD,CHANNEL_002,Mobile App,CARD,2024-01-08,2024-01-08,MATCHED,4.34,REF_424398,0,False,,,12,6,True,True,289.71385321100917,220.87662228085722,0.43252134256894065
TXN_600768FC,2024-01-07 15:06:00,835.29,GBP,CHANNEL_005,NDC,AMOP,2024-01-10,2024-01-10,MATCHED,10.29,REF_577450,0,False,,,15,6,True,True,241.44414893617022,171.1966887643904,3.4687928566253445
TXN_38489A4D,2024-01-07 23:14:00,112.88,GBP,CHANNEL_007,Airlines Holidays,CARD,2024-01-09,2024-01-09,MATCHED,1.57,REF_201424,0,False,,,23,6,True,False,289.37843749999996,201.46105413533996,0.8760920975893917
TXN_9C5F40B5,2024-01-08 03:56:00,124.91,EUR,CHANNEL_005,NDC,CARD,2024-01-10,2024-01-15,MATCHED,3.65,REF_863934,5,False,,,3,0,False,False,241.44414893617022,171.1966887643904,0.6807032879972957
TXN_483D5DB0,2024-01-08 04:54:00,184.51,USD,CHANNEL_010,PBL,DIGITAL_WALLET,2024-01-09,2024-01-09,MATCHED,1.97,REF_479742,0,False,,,4,0,False,False,385.4075653356448,1550.0644555145593,0.12960594291477695
TXN_BD184AF8,2024-01-08 05:12:00,240.62,GBP,CHANNEL_004,New .com,CARD,2024-01-09,2024-01-09,MATCHED,2.57,REF_387286,0,False,,,5,0,False,False,413.8197789891696,956.7559280432754,0.18102817438862584
TXN_A9B2E169,2024-01-08 12:03:00,181.09,GBP,CHANNEL_003,Staff Travel,DIGITAL_WALLET,2024-01-11,2024-01-11,MATCHED,4.92,REF_783238,0,False,,,12,0,False,True,495.366892976174,1638.3171994323789,0.19182908723967507
TXN_83F36DC3,2024-01-08 15:27:00,119.41,EUR,CHANNEL_001,Airlines.com,DIGITAL_WALLET,2024-01-10,2024-01-10,MATCHED,3.43,REF_457356,0,False,,,15,0,False,True,529.5399166114732,1898.670997744395,0.21600894367623677
TXN_A3A5D5AA,2024-01-08 17:17:00,262.62,USD,CHANNEL_004,New .com,CARD,2024-01-11,2024-01-11,MATCHED,7.34,REF_646012,0,False,,,17,0,False,True,413.8197789891696,956.7559280432754,0.15803380418911878
TXN_EDCC5841,2024-01-08 20:38:00,173.66,GBP,CHANNEL_004,New .com,DIGITAL_WALLET,2024-01-09,2024-01-09,MATCHED,2.82,REF_982277,0,False,,,20,0,False,False,413.8197789891696,956.7559280432754,0.25101467568676183
TXN_276DB0AA,2024-01-08 21:56:00,457.2,USD,CHANNEL_003,Staff Travel,AMOP,2024-01-10,2024-01-10,MATCHED,5.6,REF_786789,0,False,,,21,0,False,False,495.366892976174,1638.3171994323789,0.023296400104569195
TXN_75649053,2024-01-09 00:39:00,134.74,EUR,CHANNEL_002,Mobile App,CARD,2024-01-10,2024-01-10,MATCHED,3.12,REF_842470,0,False,,,0,1,False,False,289.71385321100917,220.87662228085722,0.7016308544140587
TXN_0E221DF5,2024-01-09 02:52:00,138.05,USD,CHANNEL_001,Airlines.com,CARD,2024-01-12,2024-01-12,MATCHED,1.76,REF_109585,0,False,,,2,1,False,False,529.5399166114732,1898.670997744395,0.20619155034050657
TXN_8026D41D,2024-01-09 09:01:00,344.34,GBP,CHANNEL_006,FLY,AMOP,2024-01-10,2024-01-10,MATCHED,3.95,REF_178645,0,False,,,9,1,False,True,371.08757800219786,994.9815597278657,0.026882486153324822
TXN_D92E1650,2024-01-09 09:38:00,157.52,GBP,CHANNEL_001,Airlines.com,DIGITAL_WALLET,2024-01-11,2024-01-13,MATCHED,4.7,REF_430201,2,False,,,9,1,False,True,529.5399166114732,1898.670997744395,0.19593700912555664
TXN_693AF125,2024-01-09 13:56:00,409.35,USD,CHANNEL_002,Mobile App,AMOP,2024-01-11,2024-01-11,MATCHED,6.67,REF_285460,0,False,,,13,1,False,True,289.71385321100917,220.87662228085722,0.5416424135500708
TXN_AD862037,2024-01-09 19:20:00,101.42,EUR,CHANNEL_005,NDC,DIGITAL_WALLET,2024-01-12,2024-01-12,MATCHED,1.26,REF_326183,0,False,,,19,1,False,False,241.44414893617022,171.1966887643904,0.8179138857579108
TXN_A4577E98,2024-01-09 21:36:00,414.12,USD,CHANNEL_010,PBL,AMOP,2024-01-10,2024-01-10,UNMATCHED,11.76,REF_269172,0,False,,,21,1,False,False,385.4075653356448,1550.0644555145593,0.0185233811163187
TXN_2C3B7ED9,2024-01-09 22:23:00,670.49,USD,CHANNEL_004,New .com,AMOP,2024-01-11,2024-01-11,MATCHED,19.45,REF_670913,0,False,,,22,1,False,False,413.8197789891696,956.7559280432754,0.26827136732328755
TXN_BDFF227B,2024-01-10 23:09:00,98.36,GBP,CHANNEL_008,Contact Center,DIGITAL_WALLET,2024-01-13,2024-01-15,MATCHED,1.91,REF_763393,2,False,,,23,2,False,False,306.0762376237624,215.62196186312508,0.9633352550405733
TXN_A8A12332,2024-01-11 10:59:00,192.88,USD,CHANNEL_005,NDC,DIGITAL_WALLET,2024-01-14,2024-01-14,MATCHED,5.74,REF_778324,0,False,,,10,3,False,True,241.44414893617022,171.1966887643904,0.28367458089686937
TXN_229C10BC,2024-01-11 15:14:00,245.06,GBP,CHANNEL_001,Airlines.com,DIGITAL_WALLET,2024-01-13,2024-01-13,MATCHED,5.85,REF_870269,0,False,,,15,3,False,True,529.5399166114732,1898.670997744395,0.1498310749726693
TXN_A2F1FF73,2024-01-11 21:13:00,285.98,USD,CHANNEL_009,ANDC,AMOP,2024-01-13,2024-01-13,MATCHED,5.55,REF_780027,0,False,,,21,3,False,False,585.2624009644618,1888.243275053581,0.15849779788357476
TXN_F4CBBB85,2024-01-11 23:28:00,168.87,USD,CHANNEL_009,ANDC,CARD,2024-01-14,2024-01-14,MATCHED,2.03,REF_133796,0,False,,,23,3,False,False,585.2624009644618,1888.243275053581,0.22051840801744477
TXN_D57EEC56,2024-01-12 00:21:00,168.07,USD,CHANNEL_003,Staff Travel,DIGITAL_WALLET,2024-01-14,2024-01-14,MATCHED,2.22,REF_110139,0,False,,,0,4,False,False,495.366892976174,1638.3171994323789,0.1997762662136314
TXN_3298970D,2024-01-12 18:11:00,121.17,GBP,CHANNEL_006,FLY,CARD,2024-01-14,2024-01-14,MATCHED,1.88,REF_273021,0,False,,,18,4,False,False,371.08757800219786,994.9815597278657,0.25117810029620247
TXN_79842663,2024-01-12 20:53:00,239.79,USD,CHANNEL_010,PBL,CARD,2024-01-15,2024-01-15,MATCHED,4.59,REF_623059,0,False,,,20,4,False,False,385.4075653356448,1550.0644555145593,0.09394290980455106
TXN_B161E072,2024-01-12 22:33:00,156.41,USD,CHANNEL_007,Airlines Holidays,CARD,2024-01-14,2024-01-14,MATCHED,4.03,REF_898531,0,False,,,22,4,False,False,289.37843749999996,201.46105413533996,0.6600205586667526
TXN_52E61090,2024-01-12 23:29:00,177.13,USD,CHANNEL_009,ANDC,CARD,2024-01-14,2024-01-14,MATCHED,2.05,REF_479201,0,False,,,23,4,False,False,585.2624009644618,1888.243275053581,0.21614397167805646
TXN_C822F552,2024-01-13 06:18:00,778.4,USD,CHANNEL_008,Contact Center,AMOP,2024-01-15,2024-01-15,MATCHED,19.83,REF_742917,0,False,,,6,5,True,False,306.0762376237624,215.62196186312508,2.1905178781188557
TXN_340F9103,2024-01-13 09:18:00,187.67,GBP,CHANNEL_009,ANDC,DIGITAL_WALLET,2024-01-16,2024-01-16,MATCHED,3.81,REF_889188,0,False,,,9,5,True,True,585.2624009644618,1888.243275053581,0.21056206380673045
TXN_CB1CD73D,2024-01-13 09:52:00,455.05,EUR,CHANNEL_002,Mobile App,AMOP,2024-01-16,2024-01-16,MATCHED,6.1,REF_219726,0,False,,,9,5,True,True,289.71385321100917,220.87662228085722,0.7485452515601968
TXN_7BABE634,2024-01-13 12:06:00,180.68,GBP,CHANNEL_003,Staff Travel,CARD,2024-01-15,2024-01-15,MATCHED,4.75,REF_880762,0,False,,,12,5,True,True,495.366892976174,1638.3171994323789,0.19207934402764146
TXN_ED5EC261,2024-01-13 20:07:00,887.79,EUR,CHANNEL_008,Contact Center,AMOP,2024-01-15,2024-01-15,MATCHED,21.96,REF_881984,0,False,,,20,5,True,False,306.0762376237624,215.62196186312508,2.697840968284596
TXN_CE47C330,2024-01-13 21:46:00,565.75,EUR,CHANNEL_007,Airlines Holidays,AMOP,2024-01-14,2024-01-14,MATCHED,12.17,REF_513477,0,False,,,21,5,True,False,289.37843749999996,201.46105413533996,1.371836177896378
TXN_FD72E9A9,2024-01-14 04:47:00,238.27,GBP,CHANNEL_007,Airlines Holidays,DIGITAL_WALLET,2024-01-16,2024-01-16,MATCHED,5.94,REF_722503,0,False,,,4,6,True,False,289.37843749999996,201.46105413533996,0.2536889212624972
TXN_BBA42797,2024-01-14 05:50:00,182.27,GBP,CHANNEL_005,NDC,DIGITAL_WALLET,2024-01-15,2024-01-15,MATCHED,3.92,REF_573039,0,False,,,5,6,True,False,241.44414893617022,171.1966887643904,0.34565007865081254
TXN_44B0EA68,2024-01-14 07:54:00,385.85,EUR,CHANNEL_008,Contact Center,AMOP,2024-01-17,2024-01-17,MATCHED,9.78,REF_850689,0,False,,,7,6,True,False,306.0762376237624,215.62196186312508,0.3699704876392755
TXN_612F9C45,2024-01-14 10:27:00,839.01,GBP,CHANNEL_007,Airlines Holidays,AMOP,2024-01-16,2024-01-16,MATCHED,19.8,REF_145576,0,False,,,10,6,True,True,289.37843749999996,201.46105413533996,2.7282273730721265
TXN_A7CD673E,2024-01-14 10:33:00,128.53,EUR,CHANNEL_004,New .com,CARD,2024-01-15,2024-01-15,MATCHED,2.88,REF_189689,0,True,duplicate,Duplicate transaction detected.,10,6,True,True,413.8197789891696,956.7559280432754,0.2981844905551142
TXN_A254E0AE,2024-01-14 10:33:00,128.53,EUR,CHANNEL_004,New .com,CARD,2024-01-15,2024-01-15,MATCHED,2.88,REF_189689,0,True,duplicate,Duplicate transaction detected.,10,6,True,True,413.8197789891696,956.7559280432754,0.2981844905551142
TXN_DD53A091,2024-01-14 21:41:00,114.01,USD,CHANNEL_002,Mobile App,CARD,2024-01-15,2024-01-15,MATCHED,2.8,REF_570405,0,False,,,21,6,True,False,289.71385321100917,220.87662228085722,0.7954841548943632
TXN_899E2A41,2024-01-14 22:19:00,190.02,GBP,CHANNEL_008,Contact Center,DIGITAL_WALLET,2024-01-16,2024-01-16,MATCHED,4.09,REF_251857,0,False,,,22,6,True,False,306.0762376237624,215.62196186312508,0.5382394104058558
TXN_7072CE01,2024-01-14 22:33:00,195.92,EUR,CHANNEL_003,Staff Travel,AMOP,2024-01-17,2024-01-17,MATCHED,3.73,REF_713886,0,False,,,22,6,True,False,495.366892976174,1638.3171994323789,0.18277711610420874
TXN_5C0FFBD2,2024-01-15 15:34:00,106.1,GBP,CHANNEL_006,FLY,DIGITAL_WALLET,2024-01-17,2024-01-17,MATCHED,1.73,REF_391224,0,False,,,15,0,False,True,371.08757800219786,994.9815597278657,0.26632410963945286
TXN_0FCDA50C,2024-01-15 16:50:00,238.54,USD,CHANNEL_003,Staff Travel,CARD,2024-01-17,2024-01-17,MATCHED,5.77,REF_696296,0,False,,,16,0,False,True,495.366892976174,1638.3171994323789,0.1567626178039001
TXN_61B74D7F,2024-01-15 20:00:00,111.84,USD,CHANNEL_003,Staff Travel,CARD,2024-01-18,2024-01-18,MATCHED,3.01,REF_999636,0,False,,,20,0,False,False,495.366892976174,1638.3171994323789,0.234098069109604
TXN_F413D0DD,2024-01-15 20:45:00,564.87,USD,CHANNEL_009,ANDC,AMOP,2024-01-18,2024-01-18,MATCHED,10.19,REF_856601,0,False,,,20,0,False,False,585.2624009644618,1888.243275053581,0.010799668259844922
TXN_40907254,2024-01-16 01:24:00,79.68,GBP,CHANNEL_006,FLY,DIGITAL_WALLET,2024-01-17,2024-01-17,MATCHED,2.04,REF_416115,0,False,,,1,1,False,False,371.08757800219786,994.9815597278657,0.2928773655683627
TXN_8BB20D21,2024-01-16 08:52:00,153.22,USD,CHANNEL_005,NDC,CARD,2024-01-17,2024-01-17,MATCHED,1.74,REF_615959,0,False,,,8,1,False,False,241.44414893617022,171.1966887643904,0.5153379400789042
TXN_3A5FEF16,2024-01-16 13:42:00,111.11,USD,CHANNEL_003,Staff Travel,CARD,2024-01-18,2024-01-18,MATCHED,1.69,REF_972310,0,False,,,13,1,False,True,495.366892976174,1638.3171994323789,0.2345436482686661
TXN_BE44E146,2024-01-16 15:54:00,706.49,EUR,CHANNEL_007,Airlines Holidays,AMOP,2024-01-19,2024-01-19,MATCHED,8.59,REF_184714,0,False,,,15,1,False,True,289.37843749999996,201.46105413533996,2.070432740909753
TXN_AD8F81B1,2024-01-16 16:01:00,178.98,USD,CHANNEL_007,Airlines Holidays,DIGITAL_WALLET,2024-01-18,2024-01-18,MATCHED,3.77,REF_596330,0,False,,,16,1,False,True,289.37843749999996,201.46105413533996,0.5479889796756209
TXN_CCA1F3C5,2024-01-16 23:11:00,431.36,USD,CHANNEL_004,New .com,AMOP,2024-01-19,2024-01-19,MATCHED,8.12,REF_183686,0,False,,,23,1,False,False,413.8197789891696,956.7559280432754,0.018333015241100276
TXN_78A1CB35,2024-01-17 03:53:00,108.89,EUR,CHANNEL_008,Contact Center,DIGITAL_WALLET,2024-01-20,2024-01-20,MATCHED,1.12,REF_405420,0,False,,,3,2,False,False,306.0762376237624,215.62196186312508,0.9144997843444838
TXN_2B3555E1,2024-01-17 11:12:00,159.23,EUR,CHANNEL_006,FLY,CARD,2024-01-19,2024-01-19,MATCHED,4.28,REF_860427,0,False,,,11,2,False,True,371.08757800219786,994.9815597278657,0.2129261350935412
TXN_12AF9002,2024-01-17 11:26:00,186.84,EUR,CHANNEL_010,PBL,DIGITAL_WALLET,2024-01-19,2024-01-19,MATCHED,4.63,REF_772528,0,False,,,11,2,False,True,385.4075653356448,1550.0644555145593,0.128102779616173
TXN_9A948C4E,2024-01-17 15:01:00,197.52,GBP,CHANNEL_007,Airlines Holidays,DIGITAL_WALLET,2024-01-18,2024-01-18,UNMATCHED,5.58,REF_807890,0,False,,,15,2,False,True,289.37843749999996,201.46105413533996,0.45596126702628176
TXN_24DEDB3C,2024-01-17 18:08:00,250.26,USD,CHANNEL_002,Mobile App,CARD,2024-01-18,2024-01-18,MATCHED,7.18,REF_387653,0,False,,,18,2,False,False,289.71385321100917,220.87662228085722,0.1786239431026854
TXN_61E4C154,2024-01-17 18:48:00,159.05,GBP,CHANNEL_007,Airlines Holidays,CARD,2024-01-19,2024-01-19,MATCHED,2.89,REF_844747,0,False,,,18,2,False,False,289.37843749999996,201.46105413533996,0.646916288904387
TXN_634AD2F2,2024-01-17 20:52:00,152.28,USD,CHANNEL_008,Contact Center,DIGITAL_WALLET,2024-01-18,2024-01-18,MATCHED,3.5,REF_419149,0,False,,,20,2,False,False,306.0762376237624,215.62196186312508,0.7132679634989634
TXN_34D5DD38,2024-01-18 00:26:00,120.62,GBP,CHANNEL_002,Mobile App,DIGITAL_WALLET,2024-01-20,2024-01-20,MATCHED,2.86,REF_302458,0,False,,,0,3,False,False,289.71385321100917,220.87662228085722,0.7655579457204696
TXN_A01EFF6D,2024-01-18 06:03:00,157.15,GBP,CHANNEL_003,Staff Travel,CARD,2024-01-21,2024-01-21,MATCHED,1.86,REF_314300,0,False,,,6,3,False,False,495.366892976174,1638.3171994323789,0.2064416421272722
TXN_927080F7,2024-01-18 16:34:00,126.45,EUR,CHANNEL_009,ANDC,DIGITAL_WALLET,2024-01-20,2024-01-24,UNMATCHED,1.32,REF_365971,4,False,,,16,3,False,True,585.2624009644618,1888.243275053581,0.2429837336248119
TXN_13762291,2024-01-18 17:14:00,798.15,EUR,CHANNEL_001,Airlines.com,AMOP,2024-01-20,2024-01-20,MATCHED,21.04,REF_476353,0,False,,,17,3,False,True,529.5399166114732,1898.670997744395,0.14147268468714866
TXN_65A64225,2024-01-18 18:50:00,165.96,GBP,CHANNEL_004,New .com,DIGITAL_WALLET,2024-01-20,2024-01-20,MATCHED,3.78,REF_751009,0,False,,,18,3,False,False,413.8197789891696,956.7559280432754,0.2590627052565893
TXN_1D0F817B,2024-01-19 00:37:00,233.45,USD,CHANNEL_002,Mobile App,CARD,2024-01-20,2024-01-20,MATCHED,3.34,REF_400404,0,False,,,0,4,False,False,289.71385321100917,220.87662228085722,0.25472977914098344
TXN_C31CC1AC,2024-01-19 01:10:00,105.52,EUR,CHANNEL_005,NDC,DIGITAL_WALLET,2024-01-21,2024-01-21,MATCHED,2.79,REF_418862,0,False,,,1,4,False,False,241.44414893617022,171.1966887643904,0.7939648244203834
TXN_DB573C1E,2024-01-19 09:34:00,488.85,EUR,CHANNEL_008,Contact Center,AMOP,2024-01-22,2024-01-22,MATCHED,8.93,REF_605806,0,False,,,9,4,False,True,306.0762376237624,215.62196186312508,0.8476583776390125
TXN_8458F728,2024-01-19 09:39:00,117.54,USD,CHANNEL_006,FLY,DIGITAL_WALLET,2024-01-20,2024-01-20,MATCHED,1.29,REF_211072,0,False,,,9,4,False,True,371.08757800219786,994.9815597278657,0.2548264091161095
TXN_5FC09F75,2024-01-19 14:26:00,128.97,EUR,CHANNEL_010,PBL,CARD,2024-01-21,2024-01-21,MATCHED,3.09,REF_821024,0,False,,,14,4,False,True,385.4075653356448,1550.0644555145593,0.16543671098536206
TXN_A2FADCF2,2024-01-19 14:29:00,394.85,GBP,CHANNEL_009,ANDC,AMOP,2024-01-22,2024-01-22,MATCHED,10.88,REF_235300,0,False,,,14,4,False,True,585.2624009644618,1888.243275053581,0.10084103223354977
TXN_AD4BD60D,2024-01-19 16:18:00,178.63,EUR,CHANNEL_006,FLY,CARD,2024-01-22,2024-01-22,MATCHED,5.2,REF_827912,0,False,,,16,4,False,True,371.08757800219786,994.9815597278657,0.19342828630395556
TXN_5A4B2E0E,2024-01-19 17:13:00,260.76,GBP,CHANNEL_009,ANDC,AMOP,2024-01-20,2024-01-20,MATCHED,7.47,REF_265409,0,False,,,17,4,False,True,585.2624009644618,1888.243275053581,0.17185412772369263
TXN_B1A258C5,2024-01-19 18:46:00,619.99,GBP,CHANNEL_005,NDC,AMOP,2024-01-20,2024-01-20,MATCHED,17.32,REF_139673,0,False,,,18,4,False,False,241.44414893617022,171.1966887643904,2.2111750746815195
TXN_7B21C755,2024-01-19 19:40:00,63.75,EUR,CHANNEL_003,Staff Travel,DIGITAL_WALLET,2024-01-21,2024-01-21,UNMATCHED,0.95,REF_771088,0,False,,,19,4,False,False,495.366892976174,1638.3171994323789,0.2634513591908298
TXN_75D29B78,2024-01-20 01:32:00,107.03,USD,CHANNEL_002,Mobile App,DIGITAL_WALLET,2024-01-22,2024-01-22,MATCHED,1.95,REF_365688,0,True,duplicate,Duplicate transaction detected.,1,5,True,False,289.71385321100917,220.87662228085722,0.827085507395691
TXN_5E3EA2EB,2024-01-20 01:32:00,107.03,USD,CHANNEL_002,Mobile App,DIGITAL_WALLET,2024-01-22,2024-01-22,MATCHED,1.95,REF_365688,0,True,duplicate,Duplicate transaction detected.,1,5,True,False,289.71385321100917,220.87662228085722,0.827085507395691
TXN_1127B24F,2024-01-20 16:40:00,96.24,EUR,CHANNEL_002,Mobile App,DIGITAL_WALLET,2024-01-22,2024-01-22,UNMATCHED,1.34,REF_776796,0,False,,,16,5,True,True,289.71385321100917,220.87662228085722,0.8759363087551933
TXN_C87C9A5F,2024-01-20 17:13:00,717.75,GBP,CHANNEL_005,NDC,AMOP,2024-01-23,2024-01-23,MATCHED,11.45,REF_878974,0,False,,,17,5,True,True,241.44414893617022,171.1966887643904,2.7822141567197374
TXN_91FE72E4,2024-01-20 21:40:00,169.43,USD,CHANNEL_009,ANDC,DIGITAL_WALLET,2024-01-22,2024-01-22,MATCHED,3.77,REF_576089,0,False,,,21,5,True,False,585.2624009644618,1888.243275053581,0.220221836062232
TXN_9AEC07C4,2024-01-20 21:59:00,162.99,EUR,CHANNEL_005,NDC,DIGITAL_WALLET,2024-01-21,2024-01-21,MATCHED,3.78,REF_317221,0,False,,,21,5,True,False,241.44414893617022,171.1966887643904,0.45826907928191774
TXN_29F8BDCE,2024-01-20 23:20:00,209.35,USD,CHANNEL_008,Contact Center,CARD,2024-01-23,2024-01-23,MATCHED,5.55,REF_199996,0,False,,,23,5,True,False,306.0762376237624,215.62196186312508,0.44859177046707027
TXN_113AEF50,2024-01-21 12:57:00,14939.254949215421,GBP,CHANNEL_003,Staff Travel,AMOP,2024-01-23,2024-01-23,MATCHED,373.48137373038554,REF_257808,0,True,high_amount,Unusually high transaction amount detected.,12,6,True,True,495.366892976174,1638.3171994323789,8.81629519682975
TXN_A599E689,2024-01-21 13:38:00,166.14,USD,CHANNEL_003,Staff Travel,DIGITAL_WALLET,2024-01-22,2024-01-22,MATCHED,2.73,REF_567576,0,False,,,13,6,True,True,495.366892976174,1638.3171994323789,0.20095430426430236
TXN_3C049331,2024-01-21 13:42:00,166.56,EUR,CHANNEL_010,PBL,DIGITAL_WALLET,2024-01-23,2024-01-23,MATCHED,2.72,REF_350280,0,False,,,13,6,True,True,385.4075653356448,1550.0644555145593,0.14118610652419364
TXN_85256442,2024-01-21 14:48:00,119.33,GBP,CHANNEL_005,NDC,DIGITAL_WALLET,2024-01-22,2024-01-22,MATCHED,1.61,REF_413388,0,True,duplicate,Duplicate transaction detected.,14,6,True,True,241.44414893617022,171.1966887643904,0.7132973763542234
TXN_599A0E55,2024-01-21 14:48:00,119.33,GBP,CHANNEL_005,NDC,DIGITAL_WALLET,2024-01-22,2024-01-22,MATCHED,1.61,REF_413388,0,True,duplicate,Duplicate transaction detected.,14,6,True,True,241.44414893617022,171.1966887643904,0.7132973763542234
TXN_7F34A275,2024-01-21 16:28:00,144.38,USD,CHANNEL_009,ANDC,DIGITAL_WALLET,2024-01-24,2024-01-24,MATCHED,1.67,REF_630041,0,False,,,16,6,True,True,585.2624009644618,1888.243275053581,0.2334881351302317
TXN_9C51AA7D,2024-01-22 01:34:00,448.22,EUR,CHANNEL_006,FLY,AMOP,2024-01-23,2024-01-23,MATCHED,10.93,REF_324116,0,False,,,1,0,False,False,371.08757800219786,994.9815597278657,0.07752145880864206
TXN_45716E53,2024-01-22 02:27:00,49.39,EUR,CHANNEL_002,Mobile App,DIGITAL_WALLET,2024-01-23,2024-02-04,UNMATCHED,0.86,REF_688866,27,True,settlement_delay,Excessive settlement delay detected.,2,0,False,False,289.71385321100917,220.87662228085722,1.088045673323561
TXN_012553B5,2024-01-22 03:09:00,1011.64,EUR,CHANNEL_007,Airlines Holidays,AMOP,2024-01-23,2024-01-23,MATCHED,22.07,REF_276919,0,False,,,3,0,False,False,289.37843749999996,201.46105413533996,3.5851175583286206
TXN_070D3642,2024-01-22 05:17:00,149.39,GBP,CHANNEL_008,Contact Center,DIGITAL_WALLET,2024-01-23,2024-01-23,MATCHED,3.98,REF_573041,0,False,,,5,0,False,False,306.0762376237624,215.62196186312508,0.7266710508979852
TXN_4DD8762D,2024-01-22 09:05:00,137.71,GBP,CHANNEL_009,ANDC,CARD,2024-01-24,2024-01-24,MATCHED,2.85,REF_781406,0,False,,,9,0,False,True,585.2624009644618,1888.243275053581,0.2370205189539266
TXN_4537754C,2024-01-23 04:39:00,128.28,USD,CHANNEL_007,Airlines Holidays,DIGITAL_WALLET,2024-01-25,2024-01-25,MATCHED,2.32,REF_309100,0,False,,,4,1,False,False,289.37843749999996,201.46105413533996,0.7996505239755932
TXN_5FECE86E,2024-01-23 20:36:00,91.74,EUR,CHANNEL_004,New .com,DIGITAL_WALLET,2024-01-24,2024-01-24,MATCHED,2.24,REF_978292,0,False,,,20,1,False,False,413.8197789891696,956.7559280432754,0.3366373487205626
TXN_C122A927,2024-01-24 01:14:00,234.82,GBP,CHANNEL_010,PBL,CARD,2024-01-25,2024-01-25,MATCHED,4.82,REF_945619,0,False,,,1,2,False,False,385.4075653356448,1550.0644555145593,0.0971492280852642
TXN_D21F72C7,2024-01-24 07:19:00,148.93,USD,CHANNEL_004,New .com,CARD,2024-01-27,2024-01-27,MATCHED,3.37,REF_183985,0,False,,,7,2,False,False,413.8197789891696,956.7559280432754,0.2768624381882986
TXN_3B629ADA,2024-01-24 09:20:00,508.12,GBP,CHANNEL_006,FLY,AMOP,2024-01-27,2024-01-27,MATCHED,12.79,REF_227950,0,False,,,9,2,False,True,371.08757800219786,994.9815597278657,0.1377235795558678
TXN_7EF4FF49,2024-01-24 12:00:00,114.23,GBP,CHANNEL_005,NDC,DIGITAL_WALLET,2024-01-27,2024-01-27,MATCHED,2.18,REF_499534,0,False,,,12,2,False,True,241.44414893617022,171.1966887643904,0.7430876721643187
TXN_5A51D049,2024-01-24 13:06:00,602.76,GBP,CHANNEL_002,Mobile App,AMOP,2024-01-25,2024-01-26,MATCHED,14.39,REF_493049,1,False,,,13,2,False,True,289.71385321100917,220.87662228085722,1.4172896323583526
TXN_8D2B0CE8,2024-01-24 13:51:00,155.66,GBP,CHANNEL_006,FLY,DIGITAL_WALLET,2024-01-26,2024-01-26,MATCHED,2.91,REF_586041,0,False,,,13,2,False,True,371.08757800219786,994.9815597278657,0.21651414128832577
TXN_682AE40A,2024-01-24 16:35:00,179.33,USD,CHANNEL_005,NDC,DIGITAL_WALLET,2024-01-25,2024-01-30,MATCHED,4.51,REF_353063,5,False,,,16,2,False,True,241.44414893617022,171.1966887643904,0.36282330800016155
TXN_1D17A3B0,2024-01-24 17:46:00,140.48,USD,CHANNEL_004,New .com,CARD,2024-01-27,2024-01-27,MATCHED,2.46,REF_297303,0,False,,,17,2,False,True,413.8197789891696,956.7559280432754,0.2856943667422002
TXN_77D44413,2024-01-24 19:38:00,622.07,USD,CHANNEL_009,ANDC,AMOP,2024-01-27,2024-01-27,MATCHED,13.44,REF_949153,0,False,,,19,2,False,False,585.2624009644618,1888.243275053581,0.019493038594030634
TXN_13D21629,2024-01-24 22:06:00,244.1,USD,CHANNEL_001,Airlines.com,CARD,2024-01-27,2024-01-27,MATCHED,2.82,REF_109738,0,False,,,22,2,False,False,529.5399166114732,1898.670997744395,0.15033669179682704
TXN_B6ED5761,2024-01-24 22:54:00,244.23,EUR,CHANNEL_010,PBL,CARD,2024-01-25,2024-01-25,MATCHED,4.09,REF_547852,0,False,,,22,2,False,False,385.4075653356448,1550.0644555145593,0.09107851278918559
TXN_D86E995C,2024-01-24 23:33:00,592.42,USD,CHANNEL_004,New .com,AMOP,2024-01-25,2024-01-25,MATCHED,11.3,REF_914571,0,False,,,23,2,False,False,413.8197789891696,956.7559280432754,0.18667270907440045
TXN_F440088F,2024-01-25 02:49:00,204.29,USD,CHANNEL_007,Airlines Holidays,DIGITAL_WALLET,2024-01-28,2024-01-28,MATCHED,4.72,REF_295454,0,False,,,2,3,False,False,289.37843749999996,201.46105413533996,0.4223567570674887
TXN_F360D3AD,2024-01-25 05:30:00,120.02,GBP,CHANNEL_010,PBL,DIGITAL_WALLET,2024-01-28,2024-01-28,MATCHED,3.31,REF_605666,0,False,,,5,3,False,False,385.4075653356448,1550.0644555145593,0.17121066442849744
TXN_0E84F306,2024-01-25 10:27:00,103.65,USD,CHANNEL_006,FLY,DIGITAL_WALLET,2024-01-26,2024-01-26,MATCHED,1.81,REF_195656,0,False,,,10,3,False,True,371.08757800219786,994.9815597278657,0.26878646683195195
TXN_EB8C5215,2024-01-25 16:58:00,152.4,GBP,CHANNEL_001,Airlines.com,CARD,2024-01-28,2024-01-28,MATCHED,4.27,REF_148823,0,False,,,16,3,False,True,529.5399166114732,1898.670997744395,0.19863363218773147
TXN_649DFC6E,2024-01-25 17:03:00,426.59,GBP,CHANNEL_001,Airlines.com,AMOP,2024-01-27,2024-01-27,MATCHED,8.28,REF_941218,0,False,,,17,3,False,True,529.5399166114732,1898.670997744395,0.054222093629584536
TXN_19BA0A90,2024-01-26 00:03:00,168.86,EUR,CHANNEL_005,NDC,CARD,2024-01-27,2024-01-27,MATCHED,3.66,REF_107614,0,False,,,0,4,False,False,241.44414893617022,171.1966887643904,0.4239810329279453
TXN_1C7ABBE7,2024-01-26 01:41:00,167.18,GBP,CHANNEL_009,ANDC,CARD,2024-01-27,2024-01-27,MATCHED,4.77,REF_324130,0,False,,,1,4,False,False,585.2624009644618,1888.243275053581,0.22141341981085472
TXN_30E9BF93,2024-01-26 07:47:00,223.56,USD,CHANNEL_007,Airlines Holidays,CARD,2024-01-27,2024-01-27,MATCHED,6.22,REF_557037,0,False,,,7,4,False,False,289.37843749999996,201.46105413533996,0.32670551527931374
TXN_76781388,2024-01-26 07:48:00,144.78,GBP,CHANNEL_009,ANDC,DIGITAL_WALLET,2024-01-28,2024-01-28,MATCHED,2.33,REF_624741,0,False,,,7,4,False,False,585.2624009644618,1888.243275053581,0.23327629801936545
TXN_EA222315,2024-01-26 09:39:00,168.86,USD,CHANNEL_002,Mobile App,CARD,2024-01-28,2024-01-28,MATCHED,3.33,REF_712546,0,False,,,9,4,False,True,289.71385321100917,220.87662228085722,0.5471554751382272
TXN_E2F290B3,2024-01-26 10:31:00,100.43,GBP,CHANNEL_010,PBL,DIGITAL_WALLET,2024-01-29,2024-01-29,MATCHED,1.38,REF_847078,0,False,,,10,4,False,True,385.4075653356448,1550.0644555145593,0.18384884855710315
TXN_7AB47E6E,2024-01-27 03:20:00,474.84,GBP,CHANNEL_006,FLY,AMOP,2024-01-28,2024-01-28,MATCHED,8.38,REF_171734,0,False,,,3,5,True,False,371.08757800219786,994.9815597278657,0.10427572348796003
TXN_F3A73068,2024-01-27 04:16:00,200.18,EUR,CHANNEL_002,Mobile App,CARD,2024-01-29,2024-01-29,MATCHED,4.22,REF_459536,0,False,,,4,5,True,False,289.71385321100917,220.87662228085722,0.4053568561781145
TXN_09D943E1,2024-01-27 06:34:00,93.66,GBP,CHANNEL_007,Airlines Holidays,DIGITAL_WALLET,2024-01-28,2024-01-31,MATCHED,2.34,REF_176806,3,False,,,6,5,True,False,289.37843749999996,201.46105413533996,0.971495152450249
TXN_40D0E7DC,2024-01-27 18:43:00,148.79,EUR,CHANNEL_002,Mobile App,CARD,2024-01-28,2024-01-28,MATCHED,3.0,REF_148215,0,False,,,18,5,True,False,289.71385321100917,220.87662228085722,0.6380206821155407
TXN_7F0F8A27,2024-01-28 04:34:00,142.8,EUR,CHANNEL_007,Airlines Holidays,CARD,2024-01-30,2024-01-30,MATCHED,3.27,REF_176461,0,False,,,4,6,True,False,289.37843749999996,201.46105413533996,0.7275770402825833
TXN_E048A5FC,2024-01-28 05:28:00,754.31,USD,CHANNEL_008,Contact Center,AMOP,2024-01-30,2024-01-30,MATCHED,9.36,REF_423284,0,False,,,5,6,True,False,306.0762376237624,215.62196186312508,2.078794564816975
TXN_DAB684A9,2024-01-28 13:08:00,96.62,USD,CHANNEL_005,NDC,DIGITAL_WALLET,2024-01-30,2024-01-31,MATCHED,2.44,REF_304110,1,False,,,13,6,True,True,241.44414893617022,171.1966887643904,0.8459518112262358
TXN_865CEE68,2024-01-28 14:32:00,97.95,GBP,CHANNEL_004,New .com,DIGITAL_WALLET,2024-01-31,2024-01-31,MATCHED,2.4,REF_132663,0,False,,,14,6,True,True,413.8197789891696,956.7559280432754,0.330146665132429
TXN_A1C1464A,2024-01-28 19:47:00,147.22,GBP,CHANNEL_010,PBL,CARD,2024-01-31,2024-01-31,MATCHED,1.62,REF_205065,0,False,,,19,6,True,False,385.4075653356448,1550.0644555145593,0.15366300703706934
TXN_3BD836E5,2024-01-28 23:00:00,463.2,USD,CHANNEL_001,Airlines.com,AMOP,2024-01-29,2024-01-29,MATCHED,11.42,REF_497108,0,False,,,23,6,True,False,529.5399166114732,1898.670997744395,0.034940185366650944
TXN_4D9D15F8,2024-01-29 02:56:00,148.21,GBP,CHANNEL_003,Staff Travel,DIGITAL_WALLET,2024-02-01,2024-02-01,MATCHED,3.96,REF_143860,0,False,,,2,0,False,False,495.366892976174,1638.3171994323789,0.2118984608697583
TXN_21C64C5A,2024-01-29 03:50:00,192.03,GBP,CHANNEL_010,PBL,DIGITAL_WALLET,2024-01-30,2024-01-30,MATCHED,5.08,REF_223794,0,False,,,3,0,False,False,385.4075653356448,1550.0644555145593,0.12475453175361742
TXN_E7F826E2,2024-01-29 04:40:00,153.38,USD,CHANNEL_003,Staff Travel,DIGITAL_WALLET,2024-01-31,2024-01-31,UNMATCHED,3.36,REF_654816,0,False,,,4,0,False,False,495.366892976174,1638.3171994323789,0.2087427838117434
TXN_BC7538AF,2024-01-29 05:15:00,71.87,EUR,CHANNEL_009,ANDC,DIGITAL_WALLET,2024-02-01,2024-02-01,MATCHED,1.82,REF_434914,0,False,,,5,0,False,False,585.2624009644618,1888.243275053581,0.2718889074025134
TXN_E6278085,2024-01-29 09:27:00,575.14,GBP,CHANNEL_003,Staff Travel,AMOP,2024-02-01,2024-02-01,MATCHED,16.72,REF_287330,0,False,,,9,0,False,True,495.366892976174,1638.3171994323789,0.04869210129238995
TXN_94EC28E5,2024-01-29 18:43:00,154.42,EUR,CHANNEL_008,Contact Center,DIGITAL_WALLET,2024-02-01,2024-02-01,MATCHED,3.66,REF_263903,0,False,,,18,0,False,False,306.0762376237624,215.62196186312508,0.7033431859785806
TXN_FD9D974E,2024-01-29 23:03:00,135.12,GBP,CHANNEL_004,New .com,DIGITAL_WALLET,2024-01-31,2024-02-01,MATCHED,3.7,REF_594078,1,False,,,23,0,False,False,413.8197789891696,956.7559280432754,0.2912966314817164
TXN_5528AC42,2024-01-30 00:54:00,191.47,GBP,CHANNEL_006,FLY,DIGITAL_WALLET,2024-01-31,2024-01-31,MATCHED,4.51,REF_641058,0,False,,,0,1,False,False,371.08757800219786,994.9815597278657,0.18052352452775558
TXN_346A143C,2024-01-30 03:54:00,10906.948174095916,GBP,CHANNEL_001,Airlines.com,CARD,2024-01-31,2024-01-31,MATCHED,272.6737043523979,REF_752011,0,True,high_amount,Unusually high transaction amount detected.,3,1,False,False,529.5399166114732,1898.670997744395,5.465616881393731
TXN_0E4116B8,2024-01-30 08:42:00,181.64,EUR,CHANNEL_008,Contact Center,DIGITAL_WALLET,2024-02-01,2024-02-01,MATCHED,2.95,REF_464825,0,False,,,8,1,False,False,306.0762376237624,215.62196186312508,0.5771037261165142
TXN_F22C6777,2024-01-30 14:04:00,153.21,EUR,CHANNEL_003,Staff Travel,CARD,2024-02-01,2024-02-01,MATCHED,3.75,REF_483542,0,False,,,14,1,False,True,495.366892976174,1638.3171994323789,0.20884654882138798
TXN_52971AE9,2024-01-30 14:07:00,197.03,EUR,CHANNEL_003,Staff Travel,AMOP,2024-02-02,2024-02-02,MATCHED,3.12,REF_595158,0,False,,,14,1,False,True,495.366892976174,1638.3171994323789,0.1820995916294705
TXN_8AA69555,2024-01-30 14:39:00,184.81,USD,CHANNEL_010,PBL,CARD,2024-02-02,2024-02-02,MATCHED,4.31,REF_842287,0,False,,,14,1,False,True,385.4075653356448,1550.0644555145593,0.1294124025759009
TXN_B864A82B,2024-01-30 15:39:00,429.37,EUR,CHANNEL_006,FLY,AMOP,2024-01-31,2024-01-31,MATCHED,8.04,REF_460550,0,False,,,15,1,False,True,371.08757800219786,994.9815597278657,0.058576384082678665
TXN_6F5A4DCC,2024-01-31 02:54:00,140.65,USD,CHANNEL_010,PBL,CARD,2024-02-03,2024-02-03,UNMATCHED,3.25,REF_216229,0,False,,,2,2,False,False,385.4075653356448,1550.0644555145593,0.15790154045845473
TXN_D914AB0E,2024-01-31 04:56:00,230.61,GBP,CHANNEL_003,Staff Travel,CARD,2024-02-03,2024-02-03,MATCHED,4.76,REF_767044,0,False,,,4,2,False,False,495.366892976174,1638.3171994323789,0.1616029503126154
TXN_F9F8B14D,2024-01-31 07:19:00,107.51,USD,CHANNEL_002,Mobile App,CARD,2024-02-03,2024-02-03,MATCHED,2.57,REF_702727,0,False,,,7,2,False,False,289.71385321100917,220.87662228085722,0.8249123484844249
TXN_0AD0545D,2024-01-31 14:19:00,260.42,EUR,CHANNEL_003,Staff Travel,AMOP,2024-02-03,2024-02-03,MATCHED,5.22,REF_769737,0,False,,,14,2,False,True,495.366892976174,1638.3171994323789,0.14340745068023156
TXN_A15F1840,2024-02-01 00:03:00,137.98,GBP,CHANNEL_004,New .com,CARD,2024-02-03,2024-02-03,MATCHED,3.65,REF_188121,0,False,,,0,3,False,False,413.8197789891696,956.7559280432754,0.28830736335578055
TXN_93704FA7,2024-02-01 14:08:00,141.94,EUR,CHANNEL_008,Contact Center,DIGITAL_WALLET,2024-02-04,2024-02-04,MATCHED,4.22,REF_564071,0,False,,,14,3,False,True,306.0762376237624,215.62196186312508,0.7612222623591313
TXN_E34E9B50,2024-02-01 19:13:00,182.41,GBP,CHANNEL_010,PBL,CARD,2024-02-02,2024-02-02,MATCHED,4.27,REF_390849,0,False,,,19,3,False,False,385.4075653356448,1550.0644555145593,0.13096072528690927
TXN_98D35FA6,2024-02-01 23:57:00,154.85,USD,CHANNEL_005,NDC,DIGITAL_WALLET,2024-02-03,2024-02-03,MATCHED,3.61,REF_233470,0,True,duplicate,Duplicate transaction detected.,23,3,False,False,241.44414893617022,171.1966887643904,0.5058167278886189
TXN_D5D0A7EF,2024-02-01 23:57:00,154.85,USD,CHANNEL_005,NDC,DIGITAL_WALLET,2024-02-03,2024-02-03,MATCHED,3.61,REF_233470,0,True,duplicate,Duplicate transaction detected.,23,3,False,False,241.44414893617022,171.1966887643904,0.5058167278886189
TXN_6854D187,2024-02-02 16:42:00,206.21,GBP,CHANNEL_010,PBL,DIGITAL_WALLET,2024-02-03,2024-02-03,MATCHED,2.5,REF_251729,0,False,,,16,4,False,True,385.4075653356448,1550.0644555145593,0.11560652506940969
TXN_28907572,2024-02-02 21:30:00,191.13,USD,CHANNEL_009,ANDC,CARD,2024-02-05,2024-02-05,MATCHED,3.93,REF_665492,0,False,,,21,4,False,False,585.2624009644618,1888.243275053581,0.20872967279773727
TXN_CADC3CE8,2024-02-02 23:14:00,303.94,USD,CHANNEL_001,Airlines.com,CARD,2024-02-05,2024-02-05,MATCHED,5.85,REF_963355,0,False,,,23,4,False,False,529.5399166114732,1898.670997744395,0.11881990975765892
TXN_4187EBF4,2024-02-03 02:27:00,191.8,GBP,CHANNEL_002,Mobile App,CARD,2024-02-05,2024-02-06,MATCHED,4.89,REF_791838,1,False,,,2,5,True,False,289.71385321100917,220.87662228085722,0.4432965888373017
TXN_4DEAE228,2024-02-03 02:58:00,184.31,EUR,CHANNEL_005,NDC,AMOP,2024-02-04,2024-02-04,MATCHED,3.37,REF_483629,0,False,,,2,5,True,False,241.44414893617022,171.1966887643904,0.3337339603267745
TXN_C552D55B,2024-02-03 05:55:00,153.93,GBP,CHANNEL_001,Airlines.com,CARD,2024-02-04,2024-02-08,MATCHED,3.03,REF_651363,4,False,,,5,5,True,False,529.5399166114732,1898.670997744395,0.19782780537423
TXN_F7750A90,2024-02-03 06:19:00,219.62,EUR,CHANNEL_007,Airlines Holidays,DIGITAL_WALLET,2024-02-06,2024-02-06,MATCHED,4.28,REF_312832,0,False,,,6,5,True,False,289.37843749999996,201.46105413533996,0.34626264515193483
TXN_41D97CFF,2024-02-03 06:46:00,827.82,USD,CHANNEL_001,Airlines.com,AMOP,2024-02-06,2024-02-06,MATCHED,20.09,REF_146168,0,False,,,6,5,True,False,529.5399166114732,1898.670997744395,0.157099404658775
TXN_9F71E4A9,2024-02-03 09:46:00,763.52,EUR,CHANNEL_007,Airlines Holidays,AMOP,2024-02-05,2024-02-05,MATCHED,17.6,REF_985555,0,False,,,9,5,True,True,289.37843749999996,201.46105413533996,2.353514750208124
TXN_94DA5E6A,2024-02-03 10:45:00,480.66,GBP,CHANNEL_003,Staff Travel,AMOP,2024-02-06,2024-02-06,MATCHED,5.02,REF_216308,0,False,,,10,5,True,True,495.366892976174,1638.3171994323789,0.008976828773615626
TXN_3A75EA67,2024-02-03 11:18:00,173.0,GBP,CHANNEL_004,New .com,DIGITAL_WALLET,2024-02-06,2024-02-06,MATCHED,1.79,REF_999596,0,False,,,11,5,True,True,413.8197789891696,956.7559280432754,0.25170450679274703
TXN_4C3C1E89,2024-02-03 17:02:00,96.39,USD,CHANNEL_010,PBL,CARD,2024-02-05,2024-02-05,MATCHED,1.29,REF_238327,0,False,,,17,5,True,True,385.4075653356448,1550.0644555145593,0.18645519178730058
TXN_ADB9D928,2024-02-03 19:45:00,504.2,EUR,CHANNEL_002,Mobile App,AMOP,2024-02-05,2024-02-05,MATCHED,8.84,REF_969226,0,False,,,19,5,True,False,289.71385321100917,220.87662228085722,0.9710676692450478
TXN_6260BB6E,2024-02-04 10:44:00,171.44,GBP,CHANNEL_007,Airlines Holidays,DIGITAL_WALLET,2024-02-07,2024-02-07,MATCHED,4.16,REF_176604,0,False,,,10,6,True,True,289.37843749999996,201.46105413533996,0.5854155683151039
TXN_4285BDAE,2024-02-05 01:12:00,158.03,EUR,CHANNEL_001,Airlines.com,DIGITAL_WALLET,2024-02-07,2024-02-07,MATCHED,2.33,REF_422679,0,False,,,1,0,False,False,529.5399166114732,1898.670997744395,0.19566840018772283
TXN_A951D8EE,2024-02-05 07:07:00,100.08,EUR,CHANNEL_010,PBL,DIGITAL_WALLET,2024-02-08,2024-02-08,MATCHED,2.87,REF_912767,0,False,,,7,0,False,False,385.4075653356448,1550.0644555145593,0.18407464561912523
TXN_AF14CD1B,2024-02-05 13:11:00,711.42,GBP,CHANNEL_005,NDC,AMOP,2024-02-06,2024-02-24,UNMATCHED,19.56,REF_677057,13,True,settlement_delay,Excessive settlement delay detected.,13,0,False,True,241.44414893617022,171.1966887643904,2.745239142508384
TXN_C0C70604,2024-02-05 13:12:00,166.31,EUR,CHANNEL_009,ANDC,CARD,2024-02-08,2024-02-08,UNMATCHED,4.97,REF_919898,0,False,,,13,0,False,True,585.2624009644618,1888.243275053581,0.22187416552698885
TXN_E91E9616,2024-02-05 13:53:00,110.23,EUR,CHANNEL_002,Mobile App,DIGITAL_WALLET,2024-02-07,2024-02-07,MATCHED,2.46,REF_308296,0,False,,,13,0,False,True,289.71385321100917,220.87662228085722,0.8125977813205836
TXN_49E6F3B3,2024-02-05 16:23:00,345.4,EUR,CHANNEL_007,Airlines Holidays,AMOP,2024-02-06,2024-02-08,MATCHED,5.38,REF_505785,2,False,,,16,0,False,True,289.37843749999996,201.46105413533996,0.27807638920803607
TXN_E22B446F,2024-02-05 21:07:00,490.46,EUR,CHANNEL_004,New .com,AMOP,2024-02-06,2024-02-06,MATCHED,14.22,REF_454877,0,False,,,21,0,False,False,413.8197789891696,956.7559280432754,0.08010425518613963
TXN_5CCC1268,2024-02-05 22:00:00,725.31,USD,CHANNEL_003,Staff Travel,AMOP,2024-02-08,2024-02-08,MATCHED,14.84,REF_886197,0,False,,,22,0,False,False,495.366892976174,1638.3171994323789,0.14035322775314416
TXN_3A684EB6,2024-02-05 22:47:00,572.3,GBP,CHANNEL_009,ANDC,AMOP,2024-02-07,2024-02-07,MATCHED,14.54,REF_523426,0,False,,,22,0,False,False,585.2624009644618,1888.243275053581,0.006864793925504123
TXN_D42E2F72,2024-02-06 10:47:00,138.47,USD,CHANNEL_002,Mobile App,CARD,2024-02-07,2024-02-07,UNMATCHED,4.11,REF_961574,0,False,,,10,1,False,True,289.71385321100917,220.87662228085722,0.6847435987077618
TXN_31106AD4,2024-02-06 16:08:00,183.63,USD,CHANNEL_008,Contact Center,DIGITAL_WALLET,2024-02-09,2024-02-09,MATCHED,2.31,REF_828205,0,False,,,16,1,False,True,306.0762376237624,215.62196186312508,0.567874610571859
TXN_CA2A629C,2024-02-06 16:56:00,147.26,EUR,CHANNEL_010,PBL,DIGITAL_WALLET,2024-02-08,2024-02-08,MATCHED,1.57,REF_805756,0,True,duplicate,Duplicate transaction detected.,16,1,False,True,385.4075653356448,1550.0644555145593,0.15363720165855255
TXN_DB2DF652,2024-02-06 16:56:00,147.26,EUR,CHANNEL_010,PBL,DIGITAL_WALLET,2024-02-08,2024-02-08,MATCHED,1.57,REF_805756,0,True,duplicate,Duplicate transaction detected.,16,1,False,True,385.4075653356448,1550.0644555145593,0.15363720165855255
TXN_D1C4E51D,2024-02-07 04:21:00,584.38,EUR,CHANNEL_002,Mobile App,AMOP,2024-02-10,2024-02-10,MATCHED,14.55,REF_626199,0,False,,,4,2,False,False,289.71385321100917,220.87662228085722,1.334075755714455
TXN_100BCA4C,2024-02-07 06:59:00,707.98,GBP,CHANNEL_010,PBL,AMOP,2024-02-08,2024-02-08,MATCHED,12.56,REF_476009,0,False,,,6,2,False,False,385.4075653356448,1550.0644555145593,0.208102594390034
TXN_82E7CC0E,2024-02-07 07:06:00,361.42,GBP,CHANNEL_003,Staff Travel,AMOP,2024-02-08,2024-02-08,MATCHED,4.87,REF_285751,0,False,,,7,2,False,False,495.366892976174,1638.3171994323789,0.08175882730315107
TXN_FD88AF41,2024-02-07 10:29:00,178.28,GBP,CHANNEL_003,Staff Travel,AMOP,2024-02-09,2024-02-09,MATCHED,1.97,REF_473276,0,False,,,10,2,False,True,495.366892976174,1638.3171994323789,0.19354426181085924
TXN_8F857DB5,2024-02-07 11:18:00,226.42,EUR,CHANNEL_008,Contact Center,CARD,2024-02-10,2024-02-10,MATCHED,6.45,REF_283877,0,False,,,11,2,False,True,306.0762376237624,215.62196186312508,0.3694254376292498
TXN_442D133B,2024-02-07 11:30:00,573.47,GBP,CHANNEL_006,FLY,AMOP,2024-02-10,2024-02-11,MATCHED,13.14,REF_927119,1,False,,,11,2,False,True,371.08757800219786,994.9815597278657,0.20340318875171431
TXN_F64D8AA4,2024-02-07 12:27:00,203.51,GBP,CHANNEL_003,Staff Travel,CARD,2024-02-09,2024-02-09,MATCHED,3.48,REF_640472,0,False,,,12,2,False,True,495.366892976174,1638.3171994323789,0.17814431361478258
TXN_2264FC40,2024-02-07 21:09:00,113.22,USD,CHANNEL_008,Contact Center,DIGITAL_WALLET,2024-02-10,2024-02-10,MATCHED,2.02,REF_431976,0,False,,,21,2,False,False,306.0762376237624,215.62196186312508,0.8944183419784754
TXN_663DBA58,2024-02-08 02:23:00,104.12,GBP,CHANNEL_003,Staff Travel,DIGITAL_WALLET,2024-02-11,2024-02-11,MATCHED,1.07,REF_575747,0,False,,,2,3,False,False,495.366892976174,1638.3171994323789,0.23881022131228782
TXN_D31134BC,2024-02-08 10:05:00,191.27,GBP,CHANNEL_010,PBL,DIGITAL_WALLET,2024-02-10,2024-02-10,MATCHED,5.42,REF_510997,0,False,,,10,3,False,True,385.4075653356448,1550.0644555145593,0.12524483394543673
TXN_56192AB0,2024-02-08 13:44:00,7709.962598458316,EUR,CHANNEL_004,New .com,AMOP,2024-02-10,2024-02-10,MATCHED,192.74906496145792,REF_165306,0,True,high_amount,Unusually high transaction amount detected.,13,3,False,True,413.8197789891696,956.7559280432754,7.625918591788576
TXN_1B03183C,2024-02-08 23:43:00,393.46,USD,CHANNEL_005,NDC,AMOP,2024-02-09,2024-02-09,MATCHED,6.44,REF_379901,0,False,,,23,3,False,False,241.44414893617022,171.1966887643904,0.8879602296107592
TXN_6A728874,2024-02-09 03:19:00,349.64,EUR,CHANNEL_008,Contact Center,AMOP,2024-02-11,2024-02-11,MATCHED,9.14,REF_476485,0,False,,,3,4,False,False,306.0762376237624,215.62196186312508,0.202037686698591
TXN_FA8AE2DF,2024-02-09 04:16:00,160.05,GBP,CHANNEL_006,FLY,DIGITAL_WALLET,2024-02-11,2024-02-11,MATCHED,2.35,REF_327999,0,False,,,4,4,False,False,371.08757800219786,994.9815597278657,0.21210199921686798
TXN_F2DBF917,2024-02-09 13:11:00,110.84,USD,CHANNEL_009,ANDC,DIGITAL_WALLET,2024-02-12,2024-02-12,MATCHED,2.47,REF_965845,0,False,,,13,4,False,True,585.2624009644618,1888.243275053581,0.25125067687636776
TXN_312DB112,2024-02-09 18:36:00,486.85,USD,CHANNEL_006,FLY,AMOP,2024-02-11,2024-02-11,MATCHED,6.51,REF_875753,0,False,,,18,4,False,False,371.08757800219786,994.9815597278657,0.11634629894996645
TXN_F69E6092,2024-02-09 19:18:00,483.86,EUR,CHANNEL_006,FLY,AMOP,2024-02-10,2024-02-10,MATCHED,7.95,REF_975763,0,False,,,19,4,False,False,371.08757800219786,994.9815597278657,0.11334121813136536
TXN_8830D3C3,2024-02-10 00:35:00,603.24,USD,CHANNEL_007,Airlines Holidays,AMOP,2024-02-12,2024-02-12,MATCHED,14.21,REF_653485,0,False,,,0,5,True,False,289.37843749999996,201.46105413533996,1.5579267359990596
TXN_56030D03,2024-02-10 01:06:00,170.41,GBP,CHANNEL_006,FLY,CARD,2024-02-13,2024-02-13,MATCHED,3.1,REF_378150,0,False,,,1,5,True,False,371.08757800219786,994.9815597278657,0.20168974594572844
TXN_72A4C46E,2024-02-10 03:26:00,300.33,EUR,CHANNEL_010,PBL,AMOP,2024-02-11,2024-02-11,MATCHED,7.08,REF_741055,0,False,,,3,5,True,False,385.4075653356448,1550.0644555145593,0.05488646941936518
TXN_C156FF71,2024-02-10 07:11:00,198.17,GBP,CHANNEL_009,ANDC,CARD,2024-02-12,2024-02-12,MATCHED,1.99,REF_134225,0,False,,,7,5,True,False,585.2624009644618,1888.243275053581,0.20500133964649106
TXN_D950794E,2024-02-11 05:53:00,121.89,GBP,CHANNEL_001,Airlines.com,DIGITAL_WALLET,2024-02-12,2024-02-12,MATCHED,1.65,REF_181354,0,False,,,5,6,True,False,529.5399166114732,1898.670997744395,0.21470276688049583
TXN_E0E5FF04,2024-02-11 19:13:00,103.5,EUR,CHANNEL_005,NDC,DIGITAL_WALLET,2024-02-13,2024-02-13,MATCHED,1.21,REF_735173,0,False,,,19,6,True,False,241.44414893617022,171.1966887643904,0.8057641180549701
TXN_1F7D694A,2024-02-12 02:48:00,991.06,GBP,CHANNEL_008,Contact Center,AMOP,2024-02-14,2024-02-14,MATCHED,16.47,REF_774567,0,False,,,2,0,False,False,306.0762376237624,215.62196186312508,3.176781049840643
TXN_1DFCC59B,2024-02-12 17:20:00,214.49,USD,CHANNEL_006,FLY,DIGITAL_WALLET,2024-02-15,2024-02-15,MATCHED,3.31,REF_708222,0,False,,,17,0,False,True,371.08757800219786,994.9815597278657,0.15738741735578332
TXN_0AEA3C19,2024-02-12 17:34:00,159.55,GBP,CHANNEL_001,Airlines.com,DIGITAL_WALLET,2024-02-15,2024-02-15,MATCHED,2.27,REF_544815,0,False,,,17,0,False,True,529.5399166114732,1898.670997744395,0.19486784021613968
TXN_74430B6A,2024-02-12 18:38:00,152.19,EUR,CHANNEL_007,Airlines Holidays,CARD,2024-02-14,2024-02-14,MATCHED,1.88,REF_133164,0,True,duplicate,Duplicate transaction detected.,18,0,False,False,289.37843749999996,201.46105413533996,0.6809675353323519
TXN_C6BA22D8,2024-02-12 18:38:00,152.19,EUR,CHANNEL_007,Airlines Holidays,CARD,2024-02-14,2024-02-14,MATCHED,1.88,REF_133164,0,True,duplicate,Duplicate transaction detected.,18,0,False,False,289.37843749999996,201.46105413533996,0.6809675353323519
TXN_72E1ED73,2024-02-13 03:23:00,202.89,EUR,CHANNEL_001,Airlines.com,AMOP,2024-02-16,2024-02-16,MATCHED,3.07,REF_150290,0,False,,,3,1,False,False,529.5399166114732,1898.670997744395,0.17204134734218335
TXN_B184AE8B,2024-02-14 00:25:00,92.82,EUR,CHANNEL_008,Contact Center,DIGITAL_WALLET,2024-02-15,2024-02-15,MATCHED,1.95,REF_246583,0,False,,,0,2,False,False,306.0762376237624,215.62196186312508,0.9890283706774524
TXN_D33C6F17,2024-02-14 07:56:00,163.36,GBP,CHANNEL_005,NDC,DIGITAL_WALLET,2024-02-17,2024-02-17,MATCHED,2.74,REF_284630,0,False,,,7,2,False,False,241.44414893617022,171.1966887643904,0.45610782252706766
TXN_9BA70ACD,2024-02-14 08:24:00,405.58,USD,CHANNEL_008,Contact Center,AMOP,2024-02-17,2024-02-17,MATCHED,6.35,REF_243294,0,False,,,8,2,False,False,306.0762376237624,215.62196186312508,0.46147322618000164
TXN_A88773E4,2024-02-14 08:50:00,698.41,GBP,CHANNEL_004,New .com,AMOP,2024-02-15,2024-02-15,MATCHED,18.15,REF_252117,0,False,,,8,2,False,False,413.8197789891696,956.7559280432754,0.2974533135037528
TXN_B9A5B8D4,2024-02-14 17:10:00,161.78,USD,CHANNEL_006,FLY,DIGITAL_WALLET,2024-02-15,2024-02-15,MATCHED,4.72,REF_295440,0,False,,,17,2,False,True,371.08757800219786,994.9815597278657,0.21036327352583792
TXN_0528EC06,2024-02-15 01:53:00,312.02,GBP,CHANNEL_007,Airlines Holidays,AMOP,2024-02-17,2024-02-17,MATCHED,8.97,REF_695551,0,False,,,1,3,False,False,289.37843749999996,201.46105413533996,0.11238679653085502
TXN_592FF942,2024-02-15 22:03:00,563.96,USD,CHANNEL_007,Airlines Holidays,AMOP,2024-02-17,2024-02-17,MATCHED,13.88,REF_237962,0,False,,,22,3,False,False,289.37843749999996,201.46105413533996,1.3629510858984106
TXN_67A7206D,2024-02-16 01:30:00,151.04,EUR,CHANNEL_005,NDC,CARD,2024-02-17,2024-02-17,MATCHED,2.92,REF_142773,0,False,,,1,4,False,False,241.44414893617022,171.1966887643904,0.5280718312291018
TXN_915C8928,2024-02-16 19:14:00,194.75,GBP,CHANNEL_005,NDC,CARD,2024-02-18,2024-02-18,MATCHED,2.41,REF_989265,0,False,,,19,4,False,False,241.44414893617022,171.1966887643904,0.2727514724331677
TXN_0CDC5324,2024-02-16 19:42:00,641.8,GBP,CHANNEL_009,ANDC,AMOP,2024-02-18,2024-02-18,MATCHED,15.71,REF_172187,0,False,,,19,4,False,False,585.2624009644618,1888.243275053581,0.02994190408750898
TXN_81815D3B,2024-02-16 23:31:00,16302.623236885836,EUR,CHANNEL_001,Airlines.com,CARD,2024-02-17,2024-02-17,MATCHED,407.56558092214595,REF_693246,0,True,high_amount,Unusually high transaction amount detected.,23,4,False,False,529.5399166114732,1898.670997744395,8.307433641222019
TXN_9FA1AF50,2024-02-17 02:38:00,69.65,GBP,CHANNEL_002,Mobile App,DIGITAL_WALLET,2024-02-20,2024-02-20,MATCHED,1.26,REF_749468,0,False,,,2,5,True,False,289.71385321100917,220.87662228085722,0.996320257610538
TXN_F14A9266,2024-02-17 06:13:00,569.29,EUR,CHANNEL_008,Contact Center,AMOP,2024-02-20,2024-02-20,UNMATCHED,12.41,REF_973074,0,False,,,6,5,True,False,306.0762376237624,215.62196186312508,1.2207187064892924
TXN_428C9202,2024-02-17 06:35:00,131.75,USD,CHANNEL_001,Airlines.com,DIGITAL_WALLET,2024-02-18,2024-02-18,MATCHED,3.89,REF_270495,0,False,,,6,5,True,False,529.5399166114732,1898.670997744395,0.20950966074904198
TXN_A410B8BD,2024-02-17 11:56:00,244.08,GBP,CHANNEL_007,Airlines Holidays,AMOP,2024-02-19,2024-02-19,MATCHED,4.62,REF_977740,0,False,,,11,5,True,True,289.37843749999996,201.46105413533996,0.22484960030820056
TXN_F1EFB566,2024-02-18 02:11:00,207.44,GBP,CHANNEL_003,Staff Travel,AMOP,2024-02-21,2024-02-21,MATCHED,4.72,REF_615895,0,False,,,2,6,True,False,495.366892976174,1638.3171994323789,0.1757455107447635
TXN_8CB76971,2024-02-18 09:22:00,149.05,USD,CHANNEL_001,Airlines.com,DIGITAL_WALLET,2024-02-20,2024-02-20,MATCHED,2.3,REF_561097,0,False,,,9,6,True,True,529.5399166114732,1898.670997744395,0.20039802423036535
TXN_5CA2EF55,2024-02-18 10:01:00,131.88,EUR,CHANNEL_003,Staff Travel,CARD,2024-02-19,2024-02-19,MATCHED,1.38,REF_559713,0,False,,,10,6,True,True,495.366892976174,1638.3171994323789,0.2218660056197358
TXN_7A3BBC54,2024-02-18 15:47:00,202.48,EUR,CHANNEL_004,New .com,CARD,2024-02-20,2024-02-20,MATCHED,3.0,REF_361824,0,False,,,15,6,True,True,413.8197789891696,956.7559280432754,0.2208920507254076
TXN_54418337,2024-02-18 23:07:00,245.47,EUR,CHANNEL_008,Contact Center,CARD,2024-02-19,2024-02-19,MATCHED,5.42,REF_437237,0,False,,,23,6,True,False,306.0762376237624,215.62196186312508,0.2810763667118226
TXN_D4EB5E1B,2024-02-19 09:14:00,161.61,USD,CHANNEL_006,FLY,CARD,2024-02-22,2024-02-22,MATCHED,1.66,REF_157174,0,False,,,9,0,False,True,371.08757800219786,994.9815597278657,0.21053413096368478
TXN_D6E63207,2024-02-19 12:02:00,655.93,GBP,CHANNEL_001,Airlines.com,AMOP,2024-02-20,2024-02-20,MATCHED,15.86,REF_608306,0,False,,,12,0,False,True,529.5399166114732,1898.670997744395,0.06656765892494121
TXN_58845706,2024-02-19 13:42:00,114.9,EUR,CHANNEL_007,Airlines Holidays,DIGITAL_WALLET,2024-02-22,2024-02-22,MATCHED,3.22,REF_974224,0,False,,,13,0,False,True,289.37843749999996,201.46105413533996,0.8660653457257634
TXN_F4361B21,2024-02-19 21:01:00,156.16,USD,CHANNEL_009,ANDC,DIGITAL_WALLET,2024-02-21,2024-02-25,MATCHED,3.69,REF_781605,4,False,,,21,0,False,False,585.2624009644618,1888.243275053581,0.2272495322152203
TXN_9FB07776,2024-02-20 08:46:00,146.4,GBP,CHANNEL_002,Mobile App,DIGITAL_WALLET,2024-02-23,2024-02-23,MATCHED,4.08,REF_707021,0,False,,,8,1,False,False,289.71385321100917,220.87662228085722,0.6488412025278865
TXN_C06D22D8,2024-02-20 14:06:00,468.86,GBP,CHANNEL_003,Staff Travel,AMOP,2024-02-22,2024-02-22,MATCHED,13.59,REF_445549,0,True,duplicate,Duplicate transaction detected.,14,1,False,True,495.366892976174,1638.3171994323789,0.01617934120776959
TXN_7F566E71,2024-02-20 14:06:00,468.86,GBP,CHANNEL_003,Staff Travel,AMOP,2024-02-22,2024-02-22,MATCHED,13.59,REF_445549,0,True,duplicate,Duplicate transaction detected.,14,1,False,True,495.366892976174,1638.3171994323789,0.01617934120776959
TXN_53C9B0F6,2024-02-20 19:32:00,106.94,GBP,CHANNEL_007,Airlines Holidays,DIGITAL_WALLET,2024-02-21,2024-02-21,MATCHED,1.17,REF_644559,0,False,,,19,1,False,False,289.37843749999996,201.46105413533996,0.9055767045547138
TXN_8B18D3C2,2024-02-20 21:21:00,557.42,EUR,CHANNEL_005,NDC,AMOP,2024-02-23,2024-02-23,MATCHED,14.67,REF_733375,0,False,,,21,1,False,False,241.44414893617022,171.1966887643904,1.8456890337329586
TXN_A1208C59,2024-02-20 23:57:00,225.2,GBP,CHANNEL_009,ANDC,CARD,2024-02-22,2024-02-27,MATCHED,2.28,REF_980357,5,False,,,23,1,False,False,585.2624009644618,1888.243275053581,0.19068644687970338
TXN_BD9C871B,2024-02-21 00:39:00,172.02,USD,CHANNEL_005,NDC,CARD,2024-02-23,2024-02-23,MATCHED,3.43,REF_617437,0,False,,,0,2,False,False,241.44414893617022,171.1966887643904,0.4055227319946314
TXN_B21836E7,2024-02-21 02:01:00,164.01,GBP,CHANNEL_007,Airlines Holidays,CARD,2024-02-22,2024-02-22,MATCHED,2.75,REF_201295,0,False,,,2,2,False,False,289.37843749999996,201.46105413533996,0.6222961457144884
TXN_898F75F6,2024-02-21 03:08:00,691.85,GBP,CHANNEL_002,Mobile App,AMOP,2024-02-23,2024-02-23,MATCHED,19.35,REF_986593,0,False,,,3,2,False,False,289.71385321100917,220.87662228085722,1.8206369811181367
TXN_27ADDC85,2024-02-21 10:26:00,396.79,GBP,CHANNEL_010,PBL,AMOP,2024-02-24,2024-02-24,MATCHED,6.48,REF_448787,0,False,,,10,2,False,True,385.4075653356448,1550.0644555145593,0.0073432008739125094
TXN_A3BCA537,2024-02-21 16:00:00,135.94,EUR,CHANNEL_002,Mobile App,CARD,2024-02-24,2024-02-24,MATCHED,2.13,REF_955129,0,False,,,16,2,False,True,289.71385321100917,220.87662228085722,0.6961979571358935
TXN_9A0D62BF,2024-02-21 18:34:00,187.88,USD,CHANNEL_003,Staff Travel,CARD,2024-02-23,2024-02-23,MATCHED,5.09,REF_711474,0,False,,,18,2,False,False,495.366892976174,1638.3171994323789,0.1876845906779882
TXN_3AFE74EC,2024-02-21 20:58:00,134.05,USD,CHANNEL_004,New .com,CARD,2024-02-23,2024-02-23,UNMATCHED,1.85,REF_728896,0,False,,,20,2,False,False,413.8197789891696,956.7559280432754,0.29241499403232885
TXN_3781C5D3,2024-02-22 04:23:00,208.09,GBP,CHANNEL_009,ANDC,CARD,2024-02-24,2024-02-24,MATCHED,4.32,REF_143822,0,False,,,4,3,False,False,585.2624009644618,1888.243275053581,0.1997477792970077
TXN_662CD807,2024-02-22 09:11:00,117.7,EUR,CHANNEL_003,Staff Travel,DIGITAL_WALLET,2024-02-25,2024-02-25,MATCHED,3.11,REF_711893,0,False,,,9,3,False,True,495.366892976174,1638.3171994323789,0.23052122818891402
TXN_0810D32E,2024-02-22 09:13:00,252.44,USD,CHANNEL_003,Staff Travel,AMOP,2024-02-23,2024-02-23,MATCHED,4.18,REF_235461,0,False,,,9,3,False,True,495.366892976174,1638.3171994323789,0.1482783023094306
TXN_41269F01,2024-02-22 11:10:00,138.05,USD,CHANNEL_005,NDC,DIGITAL_WALLET,2024-02-24,2024-02-24,MATCHED,3.48,REF_778526,0,False,,,11,3,False,True,241.44414893617022,171.1966887643904,0.6039494670277561
TXN_3BCC7FA7,2024-02-22 16:30:00,456.18,GBP,CHANNEL_006,FLY,AMOP,2024-02-25,2024-02-25,MATCHED,8.56,REF_146853,0,False,,,16,3,False,True,371.08757800219786,994.9815597278657,0.08552160707488439
TXN_2AC28790,2024-02-22 16:40:00,611.25,USD,CHANNEL_001,Airlines.com,AMOP,2024-02-25,2024-02-25,MATCHED,17.97,REF_540538,0,False,,,16,3,False,True,529.5399166114732,1898.670997744395,0.043035409233931336
TXN_F4CABB6F,2024-02-22 17:02:00,393.83,GBP,CHANNEL_006,FLY,AMOP,2024-02-25,2024-02-25,MATCHED,8.79,REF_878476,0,False,,,17,3,False,True,371.08757800219786,994.9815597278657,0.022857129135159384
TXN_8BA6552F,2024-02-22 17:22:00,297.05,USD,CHANNEL_009,ANDC,AMOP,2024-02-25,2024-02-25,MATCHED,3.81,REF_279594,0,False,,,17,3,False,True,585.2624009644618,1888.243275053581,0.15263520584035095
TXN_6AD25610,2024-02-22 21:40:00,168.08,USD,CHANNEL_005,NDC,DIGITAL_WALLET,2024-02-23,2024-02-23,MATCHED,2.52,REF_390120,0,False,,,21,3,False,False,241.44414893617022,171.1966887643904,0.42853719581654814
TXN_FF89210E,2024-02-23 06:51:00,209.45,EUR,CHANNEL_004,New .com,DIGITAL_WALLET,2024-02-26,2024-02-26,MATCHED,2.13,REF_923655,0,False,,,6,4,False,False,413.8197789891696,956.7559280432754,0.2136070161667456
TXN_8FBEB2FB,2024-02-23 11:50:00,90.67,USD,CHANNEL_002,Mobile App,DIGITAL_WALLET,2024-02-25,2024-02-25,MATCHED,1.82,REF_309795,0,False,,,11,4,False,True,289.71385321100917,220.87662228085722,0.901154006954677
TXN_57C22422,2024-02-23 12:37:00,584.83,USD,CHANNEL_002,Mobile App,AMOP,2024-02-25,2024-02-25,MATCHED,13.02,REF_382495,0,False,,,12,4,False,True,289.71385321100917,220.87662228085722,1.3361130921937672
TXN_342EE408,2024-02-23 14:51:00,169.72,GBP,CHANNEL_005,NDC,DIGITAL_WALLET,2024-02-25,2024-02-25,MATCHED,4.48,REF_417543,0,False,,,14,4,False,True,241.44414893617022,171.1966887643904,0.4189575712815372
TXN_1A46FEE5,2024-02-23 15:14:00,148.34,EUR,CHANNEL_009,ANDC,DIGITAL_WALLET,2024-02-26,2024-02-26,MATCHED,3.73,REF_190047,0,False,,,15,4,False,True,585.2624009644618,1888.243275053581,0.23139094773265567
TXN_80836B40,2024-02-23 15:41:00,151.21,GBP,CHANNEL_003,Staff Travel,DIGITAL_WALLET,2024-02-26,2024-02-26,MATCHED,2.83,REF_190275,0,False,,,15,4,False,True,495.366892976174,1638.3171994323789,0.2100673136407361
TXN_1F4B2C52,2024-02-23 17:25:00,149.28,GBP,CHANNEL_007,Airlines Holidays,CARD,2024-02-25,2024-02-25,MATCHED,2.13,REF_785761,0,False,,,17,4,False,True,289.37843749999996,201.46105413533996,0.6954120145022319
TXN_15E815F7,2024-02-23 19:26:00,212.39,USD,CHANNEL_007,Airlines Holidays,CARD,2024-02-26,2024-02-26,MATCHED,3.61,REF_823535,0,False,,,19,4,False,False,289.37843749999996,201.46105413533996,0.38215047484204934
TXN_07D8618B,2024-02-23 19:32:00,91.95,USD,CHANNEL_006,FLY,DIGITAL_WALLET,2024-02-26,2024-02-26,MATCHED,2.09,REF_437262,0,False,,,19,4,False,False,371.08757800219786,994.9815597278657,0.28054547873082586
TXN_32430D08,2024-02-23 22:59:00,790.68,GBP,CHANNEL_008,Contact Center,AMOP,2024-02-26,2024-02-26,MATCHED,7.95,REF_702042,0,False,,,22,4,False,False,306.0762376237624,215.62196186312508,2.247469405198436
TXN_6B038738,2024-02-23 23:47:00,203.68,USD,CHANNEL_006,FLY,CARD,2024-02-26,2024-02-26,MATCHED,5.73,REF_746850,0,False,,,23,4,False,False,371.08757800219786,994.9815597278657,0.1682519403153411
TXN_4B8B6B95,2024-02-24 14:20:00,220.14,USD,CHANNEL_006,FLY,AMOP,2024-02-26,2024-02-26,MATCHED,5.51,REF_120324,0,False,,,14,5,True,True,371.08757800219786,994.9815597278657,0.15170892015675452
TXN_DB6801EE,2024-02-24 14:30:00,143.37,GBP,CHANNEL_001,Airlines.com,DIGITAL_WALLET,2024-02-26,2024-02-26,MATCHED,4.14,REF_993719,0,False,,,14,5,True,True,529.5399166114732,1898.670997744395,0.20338959043996555
TXN_E9403049,2024-02-24 20:42:00,203.02,EUR,CHANNEL_009,ANDC,AMOP,2024-02-27,2024-02-27,MATCHED,5.56,REF_175532,0,False,,,20,5,True,False,585.2624009644618,1888.243275053581,0.20243281467723762
TXN_A8662195,2024-02-25 06:13:00,81.03,USD,CHANNEL_010,PBL,DIGITAL_WALLET,2024-02-28,2024-02-28,MATCHED,1.92,REF_286450,0,False,,,6,6,True,False,385.4075653356448,1550.0644555145593,0.1963644571377541
TXN_EE3D0438,2024-02-25 10:09:00,88.53,GBP,CHANNEL_002,Mobile App,DIGITAL_WALLET,2024-02-27,2024-02-27,MATCHED,2.6,REF_372804,0,False,,,10,6,True,True,289.71385321100917,220.87662228085722,0.910842673767405
TXN_4EE7DAEC,2024-02-25 13:19:00,478.08,GBP,CHANNEL_010,PBL,AMOP,2024-02-28,2024-02-28,UNMATCHED,11.59,REF_729006,0,False,,,13,6,True,True,385.4075653356448,1550.0644555145593,0.05978618136469148
TXN_A1A2CE70,2024-02-25 14:38:00,765.83,GBP,CHANNEL_008,Contact Center,AMOP,2024-02-27,2024-02-27,MATCHED,11.02,REF_960307,0,False,,,14,6,True,True,306.0762376237624,215.62196186312508,2.132221404552869
TXN_749F1A2B,2024-02-25 14:44:00,198.24,EUR,CHANNEL_001,Airlines.com,DIGITAL_WALLET,2024-02-28,2024-02-28,MATCHED,4.52,REF_823880,0,False,,,14,6,True,True,529.5399166114732,1898.670997744395,0.17449042883419758
TXN_F1D0038B,2024-02-25 16:29:00,187.77,EUR,CHANNEL_006,FLY,CARD,2024-02-28,2024-02-28,MATCHED,4.27,REF_116495,0,False,,,16,6,True,True,371.08757800219786,994.9815597278657,0.1842421864103054
TXN_D2B13CF9,2024-02-25 23:56:00,174.55,USD,CHANNEL_008,Contact Center,DIGITAL_WALLET,2024-02-27,2024-02-27,MATCHED,4.55,REF_544420,0,False,,,23,6,True,False,306.0762376237624,215.62196186312508,0.6099853488359134
TXN_558AB2E9,2024-02-26 00:57:00,202.45,USD,CHANNEL_005,NDC,CARD,2024-02-29,2024-02-29,UNMATCHED,4.17,REF_204998,0,False,,,0,0,False,False,241.44414893617022,171.1966887643904,0.22777396699439653
TXN_FBBE0A86,2024-02-26 06:52:00,571.42,USD,CHANNEL_008,Contact Center,AMOP,2024-02-27,2024-02-27,MATCHED,15.09,REF_517821,0,True,duplicate,Duplicate transaction detected.,6,0,False,False,306.0762376237624,215.62196186312508,1.2305971065446268
TXN_4377D1A6,2024-02-26 06:52:00,571.42,USD,CHANNEL_008,Contact Center,AMOP,2024-02-27,2024-02-27,MATCHED,15.09,REF_517821,0,True,duplicate,Duplicate transaction detected.,6,0,False,False,306.0762376237624,215.62196186312508,1.2305971065446268
TXN_388BD871,2024-02-26 08:12:00,193.02,EUR,CHANNEL_001,Airlines.com,CARD,2024-02-29,2024-02-29,MATCHED,5.21,REF_636648,0,False,,,8,0,False,False,529.5399166114732,1898.670997744395,0.1772397203155555
TXN_F71E6289,2024-02-27 01:17:00,118.87,USD,CHANNEL_007,Airlines Holidays,DIGITAL_WALLET,2024-02-29,2024-02-29,MATCHED,1.94,REF_699596,0,False,,,1,1,False,False,289.37843749999996,201.46105413533996,0.8463593036967518
TXN_0349C3FF,2024-02-27 02:21:00,83.59,EUR,CHANNEL_001,Airlines.com,DIGITAL_WALLET,2024-02-28,2024-02-29,MATCHED,1.22,REF_132938,1,False,,,2,1,False,False,529.5399166114732,1898.670997744395,0.2348747714276238
TXN_04024484,2024-02-27 16:02:00,148.36,USD,CHANNEL_007,Airlines Holidays,CARD,2024-02-29,2024-02-29,MATCHED,4.05,REF_108356,0,False,,,16,1,False,True,289.37843749999996,201.46105413533996,0.6999786539648744
TXN_87A0C5D7,2024-02-27 20:45:00,179.2,EUR,CHANNEL_006,FLY,DIGITAL_WALLET,2024-02-28,2024-02-28,UNMATCHED,4.44,REF_408467,0,False,,,20,1,False,False,371.08757800219786,994.9815597278657,0.19285541136529247
TXN_7F28873A,2024-02-27 21:37:00,530.06,USD,CHANNEL_003,Staff Travel,AMOP,2024-02-29,2024-02-29,MATCHED,13.08,REF_836109,0,False,,,21,1,False,False,495.366892976174,1638.3171994323789,0.021176062264283105
TXN_71FF1F92,2024-02-27 22:47:00,197.66,USD,CHANNEL_001,Airlines.com,CARD,2024-02-29,2024-02-29,MATCHED,4.85,REF_989735,0,False,,,22,1,False,False,529.5399166114732,1898.670997744395,0.17479590566545958
TXN_62FA1DEF,2024-02-28 02:29:00,492.87,EUR,CHANNEL_004,New .com,AMOP,2024-02-29,2024-02-29,MATCHED,13.33,REF_372795,0,False,,,2,2,False,False,413.8197789891696,956.7559280432754,0.08262318392163111
TXN_0490A16C,2024-02-28 07:29:00,143.6,USD,CHANNEL_006,FLY,CARD,2024-03-02,2024-03-02,MATCHED,1.98,REF_792267,0,False,,,7,2,False,False,371.08757800219786,994.9815597278657,0.22863496893793417
TXN_FBA315E2,2024-02-28 07:47:00,184.72,EUR,CHANNEL_005,NDC,AMOP,2024-03-02,2024-03-02,MATCHED,2.31,REF_795781,0,False,,,7,2,False,False,241.44414893617022,171.1966887643904,0.33133905419302173
TXN_675C5EE5,2024-02-28 12:24:00,222.01,GBP,CHANNEL_003,Staff Travel,CARD,2024-03-02,2024-03-02,MATCHED,3.12,REF_734924,0,False,,,12,2,False,True,495.366892976174,1638.3171994323789,0.1668522390358124
TXN_C09BF51F,2024-02-29 02:21:00,117.41,EUR,CHANNEL_010,PBL,DIGITAL_WALLET,2024-03-02,2024-03-05,MATCHED,2.11,REF_572436,3,False,,,2,3,False,False,385.4075653356448,1550.0644555145593,0.17289446537671904
TXN_BA7CF4B6,2024-02-29 09:45:00,191.1,USD,CHANNEL_005,NDC,DIGITAL_WALLET,2024-03-01,2024-03-01,MATCHED,2.18,REF_755420,0,False,,,9,3,False,True,241.44414893617022,171.1966887643904,0.2940719782580399
TXN_FCA9482E,2024-03-01 01:47:00,524.4,USD,CHANNEL_008,Contact Center,AMOP,2024-03-03,2024-03-03,MATCHED,5.46,REF_999924,0,False,,,1,4,False,False,306.0762376237624,215.62196186312508,1.0125302658864943
TXN_30F1BAB7,2024-03-01 05:42:00,152.33,EUR,CHANNEL_002,Mobile App,DIGITAL_WALLET,2024-03-03,2024-03-03,MATCHED,3.27,REF_441183,0,False,,,5,4,False,False,289.71385321100917,220.87662228085722,0.6219936351449532
TXN_9F9F885C,2024-03-01 06:37:00,610.5,USD,CHANNEL_008,Contact Center,AMOP,2024-03-04,2024-03-04,MATCHED,11.5,REF_673929,0,False,,,6,4,False,False,306.0762376237624,215.62196186312508,1.411840239954236
TXN_77331216,2024-03-01 13:13:00,144.99,GBP,CHANNEL_003,Staff Travel,CARD,2024-03-03,2024-03-03,MATCHED,2.07,REF_718115,0,False,,,13,4,False,True,495.366892976174,1638.3171994323789,0.2138638922289088
TXN_AF572F26,2024-03-01 15:19:00,348.92,EUR,CHANNEL_002,Mobile App,AMOP,2024-03-04,2024-03-04,MATCHED,3.73,REF_810446,0,False,,,15,4,False,True,289.71385321100917,220.87662228085722,0.26805076145046647
TXN_D62B0D1F,2024-03-01 16:05:00,236.63,USD,CHANNEL_007,Airlines Holidays,DIGITAL_WALLET,2024-03-04,2024-03-04,MATCHED,3.84,REF_735281,0,False,,,16,4,False,True,289.37843749999996,201.46105413533996,0.2618294524785122
TXN_E4623290,2024-03-01 17:27:00,236.38,GBP,CHANNEL_007,Airlines Holidays,CARD,2024-03-04,2024-03-04,MATCHED,6.15,REF_285186,0,False,,,17,4,False,True,289.37843749999996,201.46105413533996,0.26307038711509984
TXN_96FA3B6C,2024-03-01 20:19:00,225.67,EUR,CHANNEL_010,PBL,CARD,2024-03-03,2024-03-03,MATCHED,2.55,REF_664570,0,False,,,20,4,False,False,385.4075653356448,1550.0644555145593,0.10305220842098359
TXN_E58A2719,2024-03-01 21:19:00,150.26,GBP,CHANNEL_004,New .com,CARD,2024-03-02,2024-03-02,MATCHED,1.58,REF_905819,0,False,,,21,4,False,False,413.8197789891696,956.7559280432754,0.27547232398987387
TXN_234D176E,2024-03-01 22:32:00,233.75,EUR,CHANNEL_005,NDC,AMOP,2024-03-02,2024-03-02,MATCHED,5.03,REF_839122,0,False,,,22,4,False,False,241.44414893617022,171.1966887643904,0.044943328003027576
TXN_C961DDFB,2024-03-01 23:38:00,208.66,USD,CHANNEL_008,Contact Center,DIGITAL_WALLET,2024-03-03,2024-03-03,MATCHED,2.65,REF_646174,0,False,,,23,4,False,False,306.0762376237624,215.62196186312508,0.45179181555541803
TXN_71B2126E,2024-03-02 01:15:00,149.33,GBP,CHANNEL_010,PBL,CARD,2024-03-03,2024-03-03,MATCHED,3.68,REF_231869,0,False,,,1,5,True,False,385.4075653356448,1550.0644555145593,0.1523017733203078
TXN_D1AF6667,2024-03-02 08:42:00,6469.202828834501,USD,CHANNEL_003,Staff Travel,DIGITAL_WALLET,2024-03-03,2024-03-03,MATCHED,161.73007072086253,REF_710527,0,True,high_amount,Unusually high transaction amount detected.,8,5,True,False,495.366892976174,1638.3171994323789,3.6463243735267246
TXN_3BB8244B,2024-03-02 10:46:00,163.66,EUR,CHANNEL_002,Mobile App,DIGITAL_WALLET,2024-03-03,2024-03-03,MATCHED,4.32,REF_678255,0,False,,,10,5,True,True,289.71385321100917,220.87662228085722,0.5706980300102765
TXN_F833F5B1,2024-03-02 11:51:00,125.85,GBP,CHANNEL_006,FLY,DIGITAL_WALLET,2024-03-05,2024-03-05,MATCHED,3.63,REF_168553,0,False,,,11,5,True,True,371.08757800219786,994.9815597278657,0.246474495536653
TXN_E694B4B3,2024-03-02 12:05:00,309.66,GBP,CHANNEL_001,Airlines.com,CARD,2024-03-04,2024-03-04,MATCHED,5.5,REF_785836,0,False,,,12,5,True,True,529.5399166114732,1898.670997744395,0.11580727618038548
TXN_F5ECB0BF,2024-03-02 15:24:00,169.39,USD,CHANNEL_002,Mobile App,CARD,2024-03-03,2024-03-03,UNMATCHED,3.86,REF_478638,0,False,,,15,5,True,True,289.71385321100917,220.87662228085722,0.5447559455070375
TXN_1A93B216,2024-03-02 16:48:00,188.58,EUR,CHANNEL_010,PBL,DIGITAL_WALLET,2024-03-05,2024-03-05,MATCHED,2.91,REF_532961,0,False,,,16,5,True,True,385.4075653356448,1550.0644555145593,0.12698024565069194
TXN_36DCCF5B,2024-03-03 01:08:00,167.14,GBP,CHANNEL_010,PBL,DIGITAL_WALLET,2024-03-06,2024-03-11,MATCHED,2.12,REF_274421,5,False,,,1,6,True,False,385.4075653356448,1550.0644555145593,0.14081192853569996
TXN_A984DC1F,2024-03-03 01:43:00,421.33,GBP,CHANNEL_006,FLY,AMOP,2024-03-06,2024-03-06,MATCHED,7.46,REF_641975,0,False,,,1,6,True,False,371.08757800219786,994.9815597278657,0.05049583231627305
TXN_1ACF17F2,2024-03-03 01:48:00,136.57,GBP,CHANNEL_010,PBL,DIGITAL_WALLET,2024-03-05,2024-03-05,MATCHED,3.7,REF_155846,0,False,,,1,6,True,False,385.4075653356448,1550.0644555145593,0.16053368906716894
TXN_8AEFC140,2024-03-03 04:48:00,804.26,GBP,CHANNEL_009,ANDC,AMOP,2024-03-05,2024-03-05,MATCHED,10.26,REF_581037,0,False,,,4,6,True,False,585.2624009644618,1888.243275053581,0.1159795466658415
TXN_71D4C36F,2024-03-03 14:35:00,671.28,GBP,CHANNEL_003,Staff Travel,AMOP,2024-03-06,2024-03-06,MATCHED,19.09,REF_173201,0,False,,,14,6,True,True,495.366892976174,1638.3171994323789,0.10737426615845448
TXN_334A040A,2024-03-03 15:35:00,333.81,USD,CHANNEL_006,FLY,AMOP,2024-03-06,2024-03-06,MATCHED,9.79,REF_868367,0,False,,,15,6,True,True,371.08757800219786,994.9815597278657,0.037465596862311226
TXN_DCD264E0,2024-03-03 19:05:00,184.85,USD,CHANNEL_001,Airlines.com,CARD,2024-03-04,2024-03-04,MATCHED,3.69,REF_139748,0,False,,,19,6,True,False,529.5399166114732,1898.670997744395,0.18154273016281489
TXN_B4A6F270,2024-03-03 23:02:00,215.55,GBP,CHANNEL_007,Airlines Holidays,AMOP,2024-03-04,2024-03-04,UNMATCHED,4.48,REF_345536,0,False,,,23,6,True,False,289.37843749999996,201.46105413533996,0.3664650610355815
TXN_8B1D681C,2024-03-04 04:45:00,224.8,EUR,CHANNEL_006,FLY,CARD,2024-03-05,2024-03-05,MATCHED,4.01,REF_534346,0,False,,,4,0,False,False,371.08757800219786,994.9815597278657,0.1470254162722458
TXN_37DFBC07,2024-03-04 09:18:00,600.17,EUR,CHANNEL_010,PBL,AMOP,2024-03-06,2024-03-06,UNMATCHED,8.42,REF_517589,0,False,,,9,0,False,True,385.4075653356448,1550.0644555145593,0.13855064794261257
TXN_39F237F3,2024-03-04 11:28:00,120.22,EUR,CHANNEL_010,PBL,DIGITAL_WALLET,2024-03-07,2024-03-07,MATCHED,3.29,REF_769068,0,False,,,11,0,False,True,385.4075653356448,1550.0644555145593,0.17108163753591338
TXN_CE355699,2024-03-04 13:58:00,390.63,GBP,CHANNEL_006,FLY,AMOP,2024-03-05,2024-03-05,MATCHED,8.37,REF_288056,0,False,,,13,0,False,True,371.08757800219786,994.9815597278657,0.019640989128629806
TXN_5FB11509,2024-03-04 16:21:00,662.16,USD,CHANNEL_010,PBL,AMOP,2024-03-05,2024-03-05,MATCHED,12.75,REF_578472,0,False,,,16,0,False,True,385.4075653356448,1550.0644555145593,0.1785425332990327
TXN_6067E193,2024-03-04 20:17:00,485.11,EUR,CHANNEL_009,ANDC,AMOP,2024-03-06,2024-03-06,MATCHED,7.17,REF_384913,0,False,,,20,0,False,False,585.2624009644618,1888.243275053581,0.05303998816657766
TXN_9B139150,2024-03-04 21:15:00,114.78,EUR,CHANNEL_005,NDC,DIGITAL_WALLET,2024-03-05,2024-03-05,UNMATCHED,1.28,REF_507290,0,False,,,21,0,False,False,241.44414893617022,171.1966887643904,0.7398749932044064
TXN_7A1F5208,2024-03-05 00:05:00,163.83,EUR,CHANNEL_004,New .com,DIGITAL_WALLET,2024-03-06,2024-03-06,MATCHED,3.56,REF_382602,0,False,,,0,1,False,False,413.8197789891696,956.7559280432754,0.2612889783713597
TXN_7355F505,2024-03-05 01:41:00,625.67,EUR,CHANNEL_008,Contact Center,AMOP,2024-03-08,2024-03-08,MATCHED,17.95,REF_398910,0,False,,,1,1,False,False,306.0762376237624,215.62196186312508,1.4821948544328378
TXN_94FC2047,2024-03-05 05:07:00,126.25,GBP,CHANNEL_001,Airlines.com,CARD,2024-03-06,2024-03-06,MATCHED,2.17,REF_378258,0,False,,,5,1,False,False,529.5399166114732,1898.670997744395,0.2124064238041126
TXN_862164A6,2024-03-05 06:07:00,156.65,EUR,CHANNEL_003,Staff Travel,DIGITAL_WALLET,2024-03-08,2024-03-08,MATCHED,4.24,REF_404771,0,False,,,6,1,False,False,495.366892976174,1638.3171994323789,0.20674683333210922
TXN_709F86C0,2024-03-05 17:55:00,122.78,EUR,CHANNEL_001,Airlines.com,DIGITAL_WALLET,2024-03-08,2024-03-08,MATCHED,1.51,REF_456699,0,False,,,17,1,False,True,529.5399166114732,1898.670997744395,0.21423401794976624
TXN_E4397B69,2024-03-06 00:47:00,136.04,GBP,CHANNEL_002,Mobile App,DIGITAL_WALLET,2024-03-09,2024-03-09,MATCHED,3.84,REF_947082,0,False,,,0,2,False,False,289.71385321100917,220.87662228085722,0.6957452156960464
TXN_9CF558F0,2024-03-06 07:38:00,88.52,GBP,CHANNEL_010,PBL,DIGITAL_WALLET,2024-03-07,2024-03-07,MATCHED,0.91,REF_516983,0,False,,,7,2,False,False,385.4075653356448,1550.0644555145593,0.19153240001048216
TXN_9FED6136,2024-03-06 21:30:00,108.16,GBP,CHANNEL_002,Mobile App,DIGITAL_WALLET,2024-03-09,2024-03-09,MATCHED,3.08,REF_825388,0,False,,,21,2,False,False,289.71385321100917,220.87662228085722,0.8219695291254187
TXN_88C8A9F8,2024-03-07 05:33:00,178.49,EUR,CHANNEL_007,Airlines Holidays,DIGITAL_WALLET,2024-03-10,2024-03-10,MATCHED,4.06,REF_189913,0,False,,,5,3,False,False,289.37843749999996,201.46105413533996,0.5504212115633326
TXN_8757FCB9,2024-03-07 08:42:00,233.06,EUR,CHANNEL_009,ANDC,CARD,2024-03-10,2024-03-10,MATCHED,6.3,REF_188006,0,False,,,8,3,False,False,585.2624009644618,1888.243275053581,0.1865238476511813
TXN_3199B4D3,2024-03-07 17:59:00,120.38,EUR,CHANNEL_010,PBL,DIGITAL_WALLET,2024-03-08,2024-03-08,MATCHED,2.21,REF_697467,0,False,,,17,3,False,True,385.4075653356448,1550.0644555145593,0.17097841602184619
TXN_781A90AE,2024-03-07 18:18:00,184.08,USD,CHANNEL_008,Contact Center,CARD,2024-03-10,2024-03-10,MATCHED,2.04,REF_174675,0,False,,,18,3,False,False,306.0762376237624,215.62196186312508,0.5657876246446756
TXN_A1053C46,2024-03-08 03:01:00,679.01,EUR,CHANNEL_003,Staff Travel,AMOP,2024-03-09,2024-03-09,MATCHED,17.48,REF_578364,0,False,,,3,4,False,False,495.366892976174,1638.3171994323789,0.11209252218523501
TXN_863AB390,2024-03-08 04:10:00,601.45,GBP,CHANNEL_010,PBL,AMOP,2024-03-11,2024-03-11,MATCHED,9.99,REF_438302,0,False,,,4,4,False,False,385.4075653356448,1550.0644555145593,0.13937642005515044
TXN_BD8E4328,2024-03-08 10:58:00,201.5,GBP,CHANNEL_003,Staff Travel,CARD,2024-03-11,2024-03-11,MATCHED,2.33,REF_554871,0,False,,,10,4,False,True,495.366892976174,1638.3171994323789,0.17937118225822743
TXN_82F6EE1D,2024-03-08 12:08:00,462.87,USD,CHANNEL_005,NDC,AMOP,2024-03-09,2024-03-14,UNMATCHED,13.23,REF_204837,5,False,,,12,4,False,True,241.44414893617022,171.1966887643904,1.293400314351683
TXN_EC673F23,2024-03-08 23:37:00,223.28,USD,CHANNEL_007,Airlines Holidays,DIGITAL_WALLET,2024-03-09,2024-03-09,MATCHED,3.85,REF_149405,0,False,,,23,4,False,False,289.37843749999996,201.46105413533996,0.3280953620722919
TXN_3B7CE59F,2024-03-09 10:19:00,144.65,EUR,CHANNEL_010,PBL,DIGITAL_WALLET,2024-03-12,2024-03-12,MATCHED,1.48,REF_800224,0,False,,,10,5,True,True,385.4075653356448,1550.0644555145593,0.15532100260677412
TXN_E47EC732,2024-03-09 18:03:00,118.76,EUR,CHANNEL_003,Staff Travel,DIGITAL_WALLET,2024-03-12,2024-03-12,MATCHED,1.42,REF_893202,0,False,,,18,5,True,False,495.366892976174,1638.3171994323789,0.22987422283465953
TXN_DF4BE98B,2024-03-09 23:05:00,9940.362644215393,GBP,CHANNEL_006,FLY,AMOP,2024-03-11,2024-03-11,MATCHED,248.50906610538482,REF_504452,0,True,high_amount,Unusually high transaction amount detected.,23,5,True,False,371.08757800219786,994.9815597278657,9.617540116854485
TXN_23389BB1,2024-03-09 23:56:00,103.87,USD,CHANNEL_002,Mobile App,CARD,2024-03-11,2024-03-11,MATCHED,2.72,REF_704663,0,False,,,23,5,True,False,289.71385321100917,220.87662228085722,0.8413921368948594
TXN_EE659F92,2024-03-10 06:21:00,241.3,EUR,CHANNEL_003,Staff Travel,CARD,2024-03-12,2024-03-12,MATCHED,5.16,REF_580854,0,False,,,6,6,True,False,495.366892976174,1638.3171994323789,0.15507796235319968
TXN_3EF6ACCB,2024-03-10 09:16:00,176.1,EUR,CHANNEL_004,New .com,CARD,2024-03-11,2024-03-11,UNMATCHED,2.44,REF_823688,0,False,,,9,6,True,True,413.8197789891696,956.7559280432754,0.24846439099190742
TXN_E58B3267,2024-03-10 13:05:00,260.53,USD,CHANNEL_008,Contact Center,CARD,2024-03-12,2024-03-12,MATCHED,4.96,REF_217683,0,False,,,13,6,True,True,306.0762376237624,215.62196186312508,0.2112319043487544
TXN_12B9E6AA,2024-03-10 22:39:00,82.64,GBP,CHANNEL_009,ANDC,DIGITAL_WALLET,2024-03-11,2024-03-11,MATCHED,2.13,REF_157474,0,False,,,22,6,True,False,585.2624009644618,1888.243275053581,0.26618519319243933
TXN_7A8F1DC3,2024-03-11 07:38:00,628.17,USD,CHANNEL_004,New .com,AMOP,2024-03-13,2024-03-13,MATCHED,13.5,REF_685766,0,False,,,7,0,False,False,413.8197789891696,956.7559280432754,0.2240385606485994
TXN_0347A152,2024-03-11 08:41:00,204.04,GBP,CHANNEL_005,NDC,CARD,2024-03-12,2024-03-12,MATCHED,4.15,REF_941339,0,False,,,8,0,False,False,241.44414893617022,171.1966887643904,0.21848640418301388
TXN_89886724,2024-03-11 12:09:00,107.08,EUR,CHANNEL_010,PBL,DIGITAL_WALLET,2024-03-12,2024-03-12,MATCHED,2.56,REF_824056,0,False,,,12,0,False,True,385.4075653356448,1550.0644555145593,0.17955870437868418
TXN_2E804CF3,2024-03-11 13:19:00,168.56,USD,CHANNEL_008,Contact Center,CARD,2024-03-12,2024-03-12,MATCHED,2.53,REF_746624,0,False,,,13,0,False,True,306.0762376237624,215.62196186312508,0.6377654503999758
TXN_2ACDB898,2024-03-11 13:21:00,250.85,GBP,CHANNEL_009,ANDC,AMOP,2024-03-13,2024-03-13,MATCHED,3.93,REF_791998,0,False,,,13,0,False,True,585.2624009644618,1888.243275053581,0.17710239214540427
TXN_9E3780CC,2024-03-11 15:04:00,165.44,USD,CHANNEL_010,PBL,DIGITAL_WALLET,2024-03-14,2024-03-14,MATCHED,3.58,REF_819231,0,False,,,15,0,False,True,385.4075653356448,1550.0644555145593,0.1419086571226642
TXN_D65BD2E6,2024-03-11 20:34:00,201.63,GBP,CHANNEL_005,NDC,DIGITAL_WALLET,2024-03-14,2024-03-14,MATCHED,4.83,REF_531256,0,False,,,20,0,False,False,241.44414893617022,171.1966887643904,0.23256377926190203
TXN_564723CF,2024-03-12 14:33:00,53.8,EUR,CHANNEL_002,Mobile App,DIGITAL_WALLET,2024-03-14,2024-03-14,MATCHED,0.63,REF_801200,0,False,,,14,1,False,True,289.71385321100917,220.87662228085722,1.0680797758263039
TXN_CD6D4D08,2024-03-12 19:40:00,218.21,GBP,CHANNEL_009,ANDC,CARD,2024-03-13,2024-03-13,MATCHED,2.99,REF_995304,0,False,,,19,1,False,False,585.2624009644618,1888.243275053581,0.19438830039209126
TXN_1F71DC87,2024-03-12 23:23:00,298.05,USD,CHANNEL_007,Airlines Holidays,AMOP,2024-03-14,2024-03-14,MATCHED,6.63,REF_272998,0,False,,,23,1,False,False,289.37843749999996,201.46105413533996,0.04304336903833811
TXN_026A85D5,2024-03-13 06:14:00,97.98,EUR,CHANNEL_005,NDC,DIGITAL_WALLET,2024-03-14,2024-03-14,MATCHED,1.12,REF_442645,0,False,,,6,2,False,False,241.44414893617022,171.1966887643904,0.8380077323435436
TXN_CFE6FE8C,2024-03-13 08:50:00,555.8,USD,CHANNEL_002,Mobile App,AMOP,2024-03-15,2024-03-15,MATCHED,11.19,REF_449472,0,False,,,8,2,False,False,289.71385321100917,220.87662228085722,1.2046822522061529
TXN_B14E511B,2024-03-13 09:44:00,117.93,EUR,CHANNEL_004,New .com,DIGITAL_WALLET,2024-03-14,2024-03-14,MATCHED,2.11,REF_944178,0,False,,,9,2,False,True,413.8197789891696,956.7559280432754,0.3092635961966949
TXN_74B0587A,2024-03-13 12:29:00,89.07,USD,CHANNEL_009,ANDC,DIGITAL_WALLET,2024-03-15,2024-03-15,MATCHED,1.44,REF_203398,0,False,,,12,2,False,True,585.2624009644618,1888.243275053581,0.26277991163526415
TXN_AFA1C338,2024-03-14 17:56:00,536.97,USD,CHANNEL_006,FLY,AMOP,2024-03-16,2024-03-16,MATCHED,9.48,REF_280564,0,False,,,17,3,False,True,371.08757800219786,994.9815597278657,0.16671909180223615
TXN_67E65ACF,2024-03-14 20:10:00,91.5,EUR,CHANNEL_005,NDC,DIGITAL_WALLET,2024-03-15,2024-03-15,MATCHED,1.35,REF_357516,0,False,,,20,3,False,False,241.44414893617022,171.1966887643904,0.8758589317257824
TXN_C46B00A5,2024-03-15 02:30:00,702.87,USD,CHANNEL_002,Mobile App,AMOP,2024-03-18,2024-03-18,MATCHED,13.65,REF_506351,0,False,,,2,4,False,False,289.71385321100917,220.87662228085722,1.8705290877892873
TXN_8603D978,2024-03-15 08:15:00,512.34,GBP,CHANNEL_010,PBL,AMOP,2024-03-18,2024-03-18,MATCHED,8.91,REF_591658,0,False,,,8,4,False,False,385.4075653356448,1550.0644555145593,0.08188848806433585
TXN_4EFA9C72,2024-03-15 14:39:00,112.53,EUR,CHANNEL_006,FLY,DIGITAL_WALLET,2024-03-16,2024-03-16,MATCHED,2.95,REF_191549,0,False,,,14,4,False,True,371.08757800219786,994.9815597278657,0.2598616783138324
TXN_30CD5996,2024-03-16 02:24:00,426.08,GBP,CHANNEL_002,Mobile App,AMOP,2024-03-19,2024-03-19,MATCHED,7.18,REF_897477,0,False,,,2,5,True,False,289.71385321100917,220.87662228085722,0.617386056436491
TXN_2C3F995E,2024-03-16 03:30:00,163.58,USD,CHANNEL_003,Staff Travel,DIGITAL_WALLET,2024-03-19,2024-03-19,MATCHED,4.01,REF_812730,0,False,,,3,5,True,False,495.366892976174,1638.3171994323789,0.20251688323306793
TXN_A103CD66,2024-03-16 07:31:00,170.35,EUR,CHANNEL_008,Contact Center,CARD,2024-03-19,2024-03-19,MATCHED,2.67,REF_837114,0,False,,,7,5,True,False,306.0762376237624,215.62196186312508,0.6294638841562911
TXN_1BA001BE,2024-03-16 07:45:00,180.38,USD,CHANNEL_002,Mobile App,CARD,2024-03-19,2024-03-19,MATCHED,2.36,REF_508548,0,False,,,7,5,True,False,289.71385321100917,220.87662228085722,0.49499966126784095
TXN_15C5FB1D,2024-03-16 08:29:00,135.91,GBP,CHANNEL_001,Airlines.com,CARD,2024-03-18,2024-03-18,MATCHED,3.74,REF_546688,0,False,,,8,5,True,False,529.5399166114732,1898.670997744395,0.20731865451102496
TXN_681D8453,2024-03-16 11:39:00,248.24,GBP,CHANNEL_004,New .com,CARD,2024-03-18,2024-03-18,MATCHED,4.86,REF_536045,0,False,,,11,5,True,True,413.8197789891696,956.7559280432754,0.17306376071043292
TXN_B859A025,2024-03-16 22:18:00,111.36,USD,CHANNEL_001,Airlines.com,DIGITAL_WALLET,2024-03-19,2024-03-19,MATCHED,1.72,REF_151426,0,False,,,22,5,True,False,529.5399166114732,1898.670997744395,0.22024875142047645
TXN_BB00ED38,2024-03-17 08:03:00,234.36,EUR,CHANNEL_009,ANDC,DIGITAL_WALLET,2024-03-20,2024-03-20,MATCHED,6.62,REF_149161,0,False,,,8,6,True,False,585.2624009644618,1888.243275053581,0.18583537704086595
TXN_ED89941E,2024-03-17 18:21:00,14443.523034379807,EUR,CHANNEL_009,ANDC,DIGITAL_WALLET,2024-03-20,2024-03-20,MATCHED,361.0880758594952,REF_486251,0,True,high_amount,Unusually high transaction amount detected.,18,6,True,False,585.2624009644618,1888.243275053581,7.339234735535918
TXN_1593DB67,2024-03-17 18:50:00,621.83,EUR,CHANNEL_005,NDC,AMOP,2024-03-19,2024-03-19,MATCHED,18.44,REF_741194,0,False,,,18,6,True,False,241.44414893617022,171.1966887643904,2.2219229461110444
TXN_34778AB7,2024-03-18 00:47:00,172.23,GBP,CHANNEL_002,Mobile App,CARD,2024-03-19,2024-03-19,MATCHED,4.67,REF_320034,0,False,,,0,0,False,False,289.71385321100917,220.87662228085722,0.5318980886153798
TXN_11416DE2,2024-03-18 02:08:00,253.13,GBP,CHANNEL_003,Staff Travel,CARD,2024-03-19,2024-03-19,MATCHED,3.1,REF_128117,0,False,,,2,0,False,False,495.366892976174,1638.3171994323789,0.1478571384467555
TXN_023C43BC,2024-03-18 09:31:00,192.37,GBP,CHANNEL_001,Airlines.com,CARD,2024-03-20,2024-03-23,MATCHED,4.94,REF_326053,3,False,,,9,0,False,True,529.5399166114732,1898.670997744395,0.17758206504024565
TXN_5726F8BC,2024-03-18 14:09:00,590.47,GBP,CHANNEL_008,Contact Center,AMOP,2024-03-19,2024-03-19,MATCHED,7.28,REF_608608,0,False,,,14,0,False,True,306.0762376237624,215.62196186312508,1.3189461774620541
TXN_25B06A71,2024-03-18 15:35:00,179.32,GBP,CHANNEL_008,Contact Center,CARD,2024-03-19,2024-03-19,UNMATCHED,4.63,REF_974767,0,False,,,15,0,False,True,306.0762376237624,215.62196186312508,0.5878632980077704
TXN_BAFD5298,2024-03-18 23:27:00,193.56,EUR,CHANNEL_009,ANDC,CARD,2024-03-20,2024-03-20,MATCHED,2.17,REF_229827,0,False,,,23,0,False,False,585.2624009644618,1888.243275053581,0.2074427623492247
TXN_3F963EA8,2024-03-18 23:50:00,480.22,GBP,CHANNEL_010,PBL,AMOP,2024-03-21,2024-04-11,UNMATCHED,10.85,REF_405925,10,True,settlement_delay,Excessive settlement delay detected.,23,0,False,False,385.4075653356448,1550.0644555145593,0.06116676911534063
TXN_35FEA033,2024-03-19 11:57:00,664.38,GBP,CHANNEL_001,Airlines.com,AMOP,2024-03-22,2024-03-22,MATCHED,15.71,REF_526117,0,True,duplicate,Duplicate transaction detected.,11,1,False,True,529.5399166114732,1898.670997744395,0.07101814034591333
TXN_38650689,2024-03-19 11:57:00,664.38,GBP,CHANNEL_001,Airlines.com,AMOP,2024-03-22,2024-03-22,MATCHED,15.71,REF_526117,0,True,duplicate,Duplicate transaction detected.,11,1,False,True,529.5399166114732,1898.670997744395,0.07101814034591333
TXN_332940ED,2024-03-19 13:43:00,149.03,EUR,CHANNEL_003,Staff Travel,CARD,2024-03-20,2024-03-21,MATCHED,4.35,REF_203540,1,False,,,13,1,False,True,495.366892976174,1638.3171994323789,0.2113979472938256
TXN_0FFEAD4B,2024-03-19 14:03:00,120.38,GBP,CHANNEL_010,PBL,CARD,2024-03-20,2024-03-20,MATCHED,3.06,REF_350127,0,False,,,14,1,False,True,385.4075653356448,1550.0644555145593,0.17097841602184619
TXN_9896D066,2024-03-19 22:45:00,624.13,USD,CHANNEL_005,NDC,AMOP,2024-03-21,2024-03-21,MATCHED,16.87,REF_810091,0,False,,,22,1,False,False,241.44414893617022,171.1966887643904,2.23535778539795
TXN_82619FA4,2024-03-19 23:00:00,122.56,USD,CHANNEL_008,Contact Center,DIGITAL_WALLET,2024-03-21,2024-03-21,MATCHED,2.06,REF_899897,0,False,,,23,1,False,False,306.0762376237624,215.62196186312508,0.8511017896231594
TXN_551C7F8D,2024-03-20 01:37:00,149.06,USD,CHANNEL_009,ANDC,CARD,2024-03-22,2024-03-22,MATCHED,4.41,REF_935259,0,True,duplicate,Duplicate transaction detected.,1,2,False,False,585.2624009644618,1888.243275053581,0.23100964093309642
TXN_152C3EE7,2024-03-20 01:37:00,149.06,USD,CHANNEL_009,ANDC,CARD,2024-03-22,2024-03-22,MATCHED,4.41,REF_935259,0,True,duplicate,Duplicate transaction detected.,1,2,False,False,585.2624009644618,1888.243275053581,0.23100964093309642
TXN_448CF9B1,2024-03-20 11:30:00,174.7,GBP,CHANNEL_009,ANDC,CARD,2024-03-22,2024-03-22,MATCHED,3.29,REF_111068,0,False,,,11,2,False,True,585.2624009644618,1888.243275053581,0.217430882126569
TXN_76754C63,2024-03-20 12:45:00,108.01,USD,CHANNEL_008,Contact Center,DIGITAL_WALLET,2024-03-23,2024-03-23,UNMATCHED,2.74,REF_773540,0,False,,,12,2,False,True,306.0762376237624,215.62196186312508,0.9185810012687534
TXN_913D6D80,2024-03-20 14:31:00,854.45,USD,CHANNEL_009,ANDC,AMOP,2024-03-21,2024-03-21,MATCHED,19.6,REF_130557,0,False,,,14,2,False,True,585.2624009644618,1888.243275053581,0.14255980815178582
TXN_DDAA861F,2024-03-20 18:43:00,513.71,EUR,CHANNEL_007,Airlines Holidays,AMOP,2024-03-23,2024-03-23,MATCHED,7.17,REF_206851,0,False,,,18,2,False,False,289.37843749999996,201.46105413533996,1.1135232239442958
TXN_5AFABAC2,2024-03-21 00:24:00,501.28,GBP,CHANNEL_004,New .com,AMOP,2024-03-23,2024-03-23,MATCHED,5.67,REF_170601,0,False,,,0,3,False,False,413.8197789891696,956.7559280432754,0.09141330452971536
TXN_125ADA14,2024-03-21 00:45:00,147.53,EUR,CHANNEL_009,ANDC,DIGITAL_WALLET,2024-03-22,2024-03-22,MATCHED,3.61,REF_454733,0,False,,,0,3,False,False,585.2624009644618,1888.243275053581,0.2318199178821599
TXN_2312B31A,2024-03-21 01:03:00,686.26,EUR,CHANNEL_010,PBL,AMOP,2024-03-24,2024-03-24,UNMATCHED,19.48,REF_184002,0,False,,,1,3,False,False,385.4075653356448,1550.0644555145593,0.1940902738554083
TXN_4C048949,2024-03-21 03:31:00,122.23,USD,CHANNEL_001,Airlines.com,CARD,2024-03-24,2024-03-24,MATCHED,2.23,REF_930244,0,False,,,3,3,False,False,529.5399166114732,1898.670997744395,0.21452369425527326
TXN_50FB4859,2024-03-21 04:15:00,142.1,GBP,CHANNEL_005,NDC,DIGITAL_WALLET,2024-03-24,2024-03-24,MATCHED,2.13,REF_916808,0,False,,,4,3,False,False,241.44414893617022,171.1966887643904,0.580292467413857
TXN_2DF38017,2024-03-21 06:27:00,143.57,USD,CHANNEL_007,Airlines Holidays,CARD,2024-03-24,2024-03-26,MATCHED,2.73,REF_234580,2,False,,,6,3,False,False,289.37843749999996,201.46105413533996,0.7237549616018936
TXN_7332C326,2024-03-21 06:41:00,217.54,EUR,CHANNEL_008,Contact Center,AMOP,2024-03-23,2024-03-23,MATCHED,4.17,REF_665158,0,False,,,6,3,False,False,306.0762376237624,215.62196186312508,0.41060862659233394
TXN_0A81F7C0,2024-03-21 07:23:00,752.38,EUR,CHANNEL_007,Airlines Holidays,AMOP,2024-03-23,2024-03-23,MATCHED,8.39,REF_103234,0,False,,,7,3,False,False,289.37843749999996,201.46105413533996,2.2982187028017793
TXN_92C79CB5,2024-03-21 11:00:00,104.69,EUR,CHANNEL_005,NDC,DIGITAL_WALLET,2024-03-24,2024-03-24,MATCHED,2.97,REF_670871,0,False,,,11,3,False,True,241.44414893617022,171.1966887643904,0.7988130490326145
TXN_8810E955,2024-03-21 12:39:00,72.54,EUR,CHANNEL_010,PBL,DIGITAL_WALLET,2024-03-24,2024-03-24,MATCHED,1.49,REF_573546,0,True,duplicate,Duplicate transaction detected.,12,3,False,True,385.4075653356448,1550.0644555145593,0.20184164872794613
TXN_81488A79,2024-03-21 12:39:00,72.54,EUR,CHANNEL_010,PBL,DIGITAL_WALLET,2024-03-24,2024-03-24,MATCHED,1.49,REF_573546,0,True,duplicate,Duplicate transaction detected.,12,3,False,True,385.4075653356448,1550.0644555145593,0.20184164872794613
TXN_1FC4F69C,2024-03-21 13:38:00,195.77,USD,CHANNEL_009,ANDC,CARD,2024-03-22,2024-03-22,MATCHED,5.48,REF_101773,0,False,,,13,3,False,True,585.2624009644618,1888.243275053581,0.20627236231168863
TXN_9AEAD95A,2024-03-21 19:19:00,593.75,USD,CHANNEL_002,Mobile App,AMOP,2024-03-22,2024-03-22,MATCHED,13.91,REF_983687,0,False,,,19,3,False,False,289.71385321100917,220.87662228085722,1.3764976286281285
TXN_D935E136,2024-03-21 23:31:00,180.96,EUR,CHANNEL_003,Staff Travel,DIGITAL_WALLET,2024-03-23,2024-03-23,MATCHED,4.11,REF_341026,0,False,,,23,3,False,False,495.366892976174,1638.3171994323789,0.1919084369529327
TXN_DD4D6E15,2024-03-22 02:35:00,201.13,GBP,CHANNEL_009,ANDC,DIGITAL_WALLET,2024-03-23,2024-03-23,MATCHED,2.75,REF_534152,0,False,,,2,4,False,False,585.2624009644618,1888.243275053581,0.2034337450260807
TXN_65EDC5FF,2024-03-22 03:53:00,198.76,GBP,CHANNEL_006,FLY,CARD,2024-03-24,2024-03-24,MATCHED,2.14,REF_839808,0,False,,,3,4,False,False,371.08757800219786,994.9815597278657,0.17319675557538036
TXN_C9E8CE37,2024-03-22 04:24:00,240.98,USD,CHANNEL_010,PBL,AMOP,2024-03-23,2024-03-23,UNMATCHED,5.04,REF_907788,0,False,,,4,4,False,False,385.4075653356448,1550.0644555145593,0.09317519979367608
TXN_22C5A5AD,2024-03-22 04:26:00,190.0,USD,CHANNEL_006,FLY,AMOP,2024-03-23,2024-03-23,MATCHED,5.48,REF_726004,0,False,,,4,4,False,False,371.08757800219786,994.9815597278657,0.1820009388432551
TXN_E694A906,2024-03-22 07:29:00,747.56,USD,CHANNEL_002,Mobile App,AMOP,2024-03-23,2024-03-23,MATCHED,11.18,REF_745270,0,False,,,7,4,False,False,289.71385321100917,220.87662228085722,2.0728592372569574
TXN_2485036A,2024-03-22 08:24:00,150.94,USD,CHANNEL_001,Airlines.com,CARD,2024-03-25,2024-03-25,MATCHED,2.22,REF_408824,0,False,,,8,4,False,False,529.5399166114732,1898.670997744395,0.19940259110780473
TXN_604DB3CE,2024-03-22 09:47:00,166.88,GBP,CHANNEL_008,Contact Center,DIGITAL_WALLET,2024-03-24,2024-03-24,MATCHED,2.76,REF_219420,0,False,,,9,4,False,True,306.0762376237624,215.62196186312508,0.6455568645281269
TXN_7856749A,2024-03-22 11:06:00,170.14,USD,CHANNEL_002,Mobile App,CARD,2024-03-24,2024-03-24,MATCHED,3.21,REF_551914,0,False,,,11,4,False,True,289.71385321100917,220.87662228085722,0.5413603847081843
TXN_F001B9A5,2024-03-22 16:14:00,219.11,GBP,CHANNEL_003,Staff Travel,DIGITAL_WALLET,2024-03-23,2024-03-23,MATCHED,5.64,REF_196411,0,False,,,16,4,False,True,495.366892976174,1638.3171994323789,0.16862234802386716
TXN_AFC3D34D,2024-03-22 20:18:00,161.22,EUR,CHANNEL_005,NDC,DIGITAL_WALLET,2024-03-24,2024-03-24,MATCHED,2.89,REF_884225,0,False,,,20,4,False,False,241.44414893617022,171.1966887643904,0.4686080642983626
TXN_45578F0E,2024-03-22 21:22:00,249.19,EUR,CHANNEL_002,Mobile App,DIGITAL_WALLET,2024-03-24,2024-03-24,MATCHED,3.94,REF_834233,0,False,,,21,4,False,False,289.71385321100917,220.87662228085722,0.18346827650904937
TXN_F93324D1,2024-03-23 00:40:00,306.89,EUR,CHANNEL_006,FLY,CARD,2024-03-25,2024-03-25,MATCHED,5.07,REF_875112,0,False,,,0,5,True,False,371.08757800219786,994.9815597278657,0.06452137466724142
TXN_904D03EB,2024-03-23 01:01:00,114.16,GBP,CHANNEL_010,PBL,CARD,2024-03-25,2024-03-25,MATCHED,3.05,REF_902364,0,False,,,1,5,True,False,385.4075653356448,1550.0644555145593,0.17499115238120952
TXN_FB82FA61,2024-03-23 03:45:00,73.72,USD,CHANNEL_009,ANDC,DIGITAL_WALLET,2024-03-25,2024-03-25,MATCHED,1.97,REF_494956,0,False,,,3,5,True,False,585.2624009644618,1888.243275053581,0.27090916076475696
TXN_01194117,2024-03-23 12:37:00,867.64,GBP,CHANNEL_001,Airlines.com,AMOP,2024-03-24,2024-03-24,MATCHED,14.58,REF_432799,0,False,,,12,5,True,True,529.5399166114732,1898.670997744395,0.17807196917748613
TXN_46E898C9,2024-03-23 19:09:00,125.79,USD,CHANNEL_002,Mobile App,CARD,2024-03-26,2024-03-26,MATCHED,2.83,REF_726410,0,False,,,19,5,True,False,289.71385321100917,220.87662228085722,0.7421512132803744
TXN_489399E0,2024-03-24 00:10:00,225.04,GBP,CHANNEL_005,NDC,DIGITAL_WALLET,2024-03-25,2024-03-26,MATCHED,4.03,REF_824305,1,False,,,0,6,True,False,241.44414893617022,171.1966887643904,0.09582048025909226
TXN_DEBD28FE,2024-03-24 01:29:00,121.35,EUR,CHANNEL_007,Airlines Holidays,DIGITAL_WALLET,2024-03-26,2024-03-30,MATCHED,3.4,REF_431889,4,False,,,1,6,True,False,289.37843749999996,201.46105413533996,0.8340492321018025
TXN_78E8A2BE,2024-03-24 10:28:00,237.61,GBP,CHANNEL_005,NDC,CARD,2024-03-25,2024-03-25,MATCHED,6.86,REF_262959,0,False,,,10,6,True,True,241.44414893617022,171.1966887643904,0.022396162938916185
TXN_EEF1CAC3,2024-03-24 12:00:00,340.62,USD,CHANNEL_005,NDC,AMOP,2024-03-27,2024-03-27,MATCHED,8.71,REF_354533,0,False,,,12,6,True,True,241.44414893617022,171.1966887643904,0.5793094000802822
TXN_2630BC5B,2024-03-24 14:31:00,211.38,USD,CHANNEL_001,Airlines.com,CARD,2024-03-26,2024-03-26,MATCHED,2.59,REF_905245,0,False,,,14,6,True,True,529.5399166114732,1898.670997744395,0.16756979855353799
TXN_71690260,2024-03-24 18:00:00,136.8,USD,CHANNEL_002,Mobile App,DIGITAL_WALLET,2024-03-27,2024-03-27,MATCHED,3.1,REF_660384,0,False,,,18,6,True,False,289.71385321100917,220.87662228085722,0.6923043807532083
TXN_8289872D,2024-03-24 20:44:00,145.58,EUR,CHANNEL_007,Airlines Holidays,DIGITAL_WALLET,2024-03-25,2024-03-25,MATCHED,1.84,REF_433412,0,False,,,20,6,True,False,289.37843749999996,201.46105413533996,0.7137778471237288
TXN_8B144DCD,2024-03-25 02:32:00,534.27,EUR,CHANNEL_004,New .com,AMOP,2024-03-28,2024-03-28,MATCHED,10.53,REF_698782,0,False,,,2,0,False,False,413.8197789891696,956.7559280432754,0.12589440784252162
TXN_0A37A510,2024-03-25 03:02:00,207.97,GBP,CHANNEL_008,Contact Center,CARD,2024-03-27,2024-03-27,MATCHED,5.92,REF_130914,0,False,,,3,0,False,False,306.0762376237624,215.62196186312508,0.4549918606437658
TXN_49DAF5AB,2024-03-25 08:55:00,396.35,USD,CHANNEL_002,Mobile App,AMOP,2024-03-27,2024-03-27,MATCHED,9.05,REF_447235,0,False,,,8,0,False,False,289.71385321100917,220.87662228085722,0.48278602636994744
TXN_71773E23,2024-03-25 21:07:00,208.96,USD,CHANNEL_007,Airlines Holidays,DIGITAL_WALLET,2024-03-28,2024-03-28,MATCHED,5.42,REF_725905,0,False,,,21,0,False,False,289.37843749999996,201.46105413533996,0.3991760980560316
TXN_0AB9EEBC,2024-03-25 23:07:00,145.89,USD,CHANNEL_008,Contact Center,DIGITAL_WALLET,2024-03-28,2024-03-28,MATCHED,2.86,REF_123536,0,False,,,23,0,False,False,306.0762376237624,215.62196186312508,0.7429031636649666
TXN_478FE404,2024-03-25 23:24:00,197.26,GBP,CHANNEL_004,New .com,AMOP,2024-03-26,2024-03-26,MATCHED,5.23,REF_131475,0,False,,,23,0,False,False,413.8197789891696,956.7559280432754,0.22634798765456338
TXN_ADEBC9DD,2024-03-26 04:02:00,114.08,USD,CHANNEL_006,FLY,DIGITAL_WALLET,2024-03-27,2024-03-27,MATCHED,3.0,REF_829168,0,False,,,4,1,False,False,371.08757800219786,994.9815597278657,0.25830386049816967
TXN_F14F37EE,2024-03-26 07:59:00,140.25,GBP,CHANNEL_010,PBL,DIGITAL_WALLET,2024-03-28,2024-03-28,MATCHED,3.21,REF_860247,0,False,,,7,1,False,False,385.4075653356448,1550.0644555145593,0.1581595942436228
TXN_2BD66CB3,2024-03-26 08:17:00,663.55,EUR,CHANNEL_002,Mobile App,AMOP,2024-03-28,2024-03-28,MATCHED,14.39,REF_869983,0,False,,,8,1,False,False,289.71385321100917,220.87662228085722,1.6925111536414061
TXN_2C2410E8,2024-03-26 08:23:00,137.13,EUR,CHANNEL_006,FLY,DIGITAL_WALLET,2024-03-28,2024-03-28,MATCHED,3.93,REF_468145,0,False,,,8,1,False,False,371.08757800219786,994.9815597278657,0.23513760201363618
TXN_0687091D,2024-03-26 10:57:00,148.67,GBP,CHANNEL_009,ANDC,CARD,2024-03-28,2024-03-28,MATCHED,1.94,REF_167348,0,False,,,10,1,False,True,585.2624009644618,1888.243275053581,0.23121618211619105
TXN_5F2066BC,2024-03-26 20:05:00,710.63,GBP,CHANNEL_004,New .com,AMOP,2024-03-28,2024-03-28,MATCHED,17.68,REF_489737,0,False,,,20,1,False,False,413.8197789891696,956.7559280432754,0.3102256409509336
TXN_341E051B,2024-03-26 21:19:00,157.43,EUR,CHANNEL_007,Airlines Holidays,CARD,2024-03-29,2024-03-29,MATCHED,4.71,REF_456581,0,False,,,21,1,False,False,289.37843749999996,201.46105413533996,0.6549575453494749
TXN_AE26BDCB,2024-03-27 09:36:00,175.2,EUR,CHANNEL_004,New .com,CARD,2024-03-29,2024-03-29,MATCHED,4.75,REF_190951,0,False,,,9,2,False,True,413.8197789891696,956.7559280432754,0.24940506977279633
TXN_29FD9BEB,2024-03-27 10:25:00,495.16,GBP,CHANNEL_003,Staff Travel,AMOP,2024-03-28,2024-03-28,MATCHED,8.85,REF_702466,0,False,,,10,2,False,True,495.366892976174,1638.3171994323789,0.00012628383334169246
TXN_A1D57151,2024-03-27 11:00:00,208.16,EUR,CHANNEL_003,Staff Travel,CARD,2024-03-28,2024-03-28,MATCHED,4.82,REF_132146,0,False,,,11,2,False,True,495.366892976174,1638.3171994323789,0.1753060354097982
TXN_EB8C8FDE,2024-03-28 02:35:00,627.03,USD,CHANNEL_003,Staff Travel,AMOP,2024-03-31,2024-03-31,MATCHED,10.7,REF_816289,0,False,,,2,3,False,False,495.366892976174,1638.3171994323789,0.08036484453037714
TXN_B2B3889B,2024-03-28 05:03:00,594.77,GBP,CHANNEL_005,NDC,AMOP,2024-03-30,2024-03-30,MATCHED,15.73,REF_819796,0,False,,,5,3,False,False,241.44414893617022,171.1966887643904,2.0638591412833622
TXN_E2CD72A2,2024-03-28 06:29:00,133.87,GBP,CHANNEL_010,PBL,AMOP,2024-03-29,2024-03-29,MATCHED,3.79,REF_599676,0,False,,,6,3,False,False,385.4075653356448,1550.0644555145593,0.16227555211705336
TXN_BB1BA9FE,2024-03-28 08:09:00,653.49,GBP,CHANNEL_004,New .com,AMOP,2024-03-29,2024-03-29,MATCHED,7.75,REF_377370,0,False,,,8,3,False,False,413.8197789891696,956.7559280432754,0.2505029903509412
TXN_A75FE6D5,2024-03-28 12:46:00,128.63,GBP,CHANNEL_010,PBL,DIGITAL_WALLET,2024-03-29,2024-03-29,MATCHED,3.43,REF_805139,0,False,,,12,3,False,True,385.4075653356448,1550.0644555145593,0.16565605670275493
TXN_232D307B,2024-03-28 22:05:00,213.88,GBP,CHANNEL_009,ANDC,DIGITAL_WALLET,2024-03-31,2024-03-31,MATCHED,2.31,REF_648141,0,False,,,22,3,False,False,585.2624009644618,1888.243275053581,0.19668143711721858
TXN_EBF5F4DC,2024-03-29 01:41:00,176.83,GBP,CHANNEL_005,NDC,CARD,2024-03-31,2024-03-31,MATCHED,2.36,REF_888977,0,False,,,1,4,False,False,241.44414893617022,171.1966887643904,0.3774263941815808
TXN_952C10D7,2024-03-29 04:17:00,162.69,USD,CHANNEL_004,New .com,DIGITAL_WALLET,2024-03-30,2024-03-30,MATCHED,3.9,REF_101655,0,False,,,4,4,False,False,413.8197789891696,956.7559280432754,0.2624805048271524
TXN_CFB4BE4A,2024-03-29 09:08:00,321.08,EUR,CHANNEL_002,Mobile App,AMOP,2024-03-30,2024-03-30,MATCHED,6.99,REF_404955,0,False,,,9,4,False,True,289.71385321100917,220.87662228085722,0.14200754459703288
TXN_D15B1A32,2024-03-29 12:55:00,403.22,GBP,CHANNEL_003,Staff Travel,AMOP,2024-03-31,2024-03-31,MATCHED,9.66,REF_806848,0,False,,,12,4,False,True,495.366892976174,1638.3171994323789,0.05624484257877516
TXN_9F88F34F,2024-03-29 16:57:00,243.81,USD,CHANNEL_005,NDC,CARD,2024-04-01,2024-04-01,MATCHED,3.4,REF_744274,0,False,,,16,4,False,True,241.44414893617022,171.1966887643904,0.013819490791003468
TXN_E5231665,2024-03-29 20:42:00,149.6,USD,CHANNEL_007,Airlines Holidays,DIGITAL_WALLET,2024-03-31,2024-03-31,MATCHED,3.58,REF_891062,0,False,,,20,4,False,False,289.37843749999996,201.46105413533996,0.6938236181673998
TXN_7B714B6A,2024-03-29 22:53:00,189.67,EUR,CHANNEL_005,NDC,AMOP,2024-03-30,2024-03-30,MATCHED,5.02,REF_747743,0,False,,,22,4,False,False,241.44414893617022,171.1966887643904,0.3024249435538117
TXN_F2ADCC41,2024-03-30 00:26:00,364.57,EUR,CHANNEL_001,Airlines.com,AMOP,2024-04-01,2024-04-01,MATCHED,6.37,REF_129556,0,False,,,0,5,True,False,529.5399166114732,1898.670997744395,0.08688704720694429
TXN_333A3F46,2024-03-30 07:56:00,141.64,USD,CHANNEL_004,New .com,DIGITAL_WALLET,2024-04-01,2024-04-01,MATCHED,2.35,REF_656268,0,False,,,7,5,True,False,413.8197789891696,956.7559280432754,0.28448193631349894
TXN_53045EB2,2024-03-30 09:44:00,233.5,USD,CHANNEL_006,FLY,CARD,2024-04-02,2024-04-02,UNMATCHED,6.49,REF_280572,0,False,,,9,5,True,True,371.08757800219786,994.9815597278657,0.13828153562949347
TXN_BF1379A4,2024-03-30 17:17:00,170.67,GBP,CHANNEL_010,PBL,DIGITAL_WALLET,2024-04-02,2024-04-02,MATCHED,2.81,REF_999695,0,False,,,17,5,True,True,385.4075653356448,1550.0644555145593,0.13853460388159183
TXN_CEB9173A,2024-03-30 17:24:00,569.52,EUR,CHANNEL_002,Mobile App,AMOP,2024-04-02,2024-04-02,MATCHED,13.11,REF_938016,0,False,,,17,5,True,True,289.71385321100917,220.87662228085722,1.2667983777531755
TXN_D2508571,2024-03-30 19:36:00,233.63,GBP,CHANNEL_003,Staff Travel,DIGITAL_WALLET,2024-04-02,2024-04-02,MATCHED,4.23,REF_780999,0,False,,,19,5,True,False,495.366892976174,1638.3171994323789,0.15975959543539975
TXN_5576D4EB,2024-03-30 22:39:00,217.78,EUR,CHANNEL_007,Airlines Holidays,CARD,2024-03-31,2024-03-31,MATCHED,2.78,REF_697766,0,False,,,22,5,True,False,289.37843749999996,201.46105413533996,0.35539592407721987
TXN_750EB79D,2024-03-31 04:00:00,143.08,USD,CHANNEL_003,Staff Travel,DIGITAL_WALLET,2024-04-02,2024-04-02,MATCHED,2.5,REF_270948,0,True,duplicate,Duplicate transaction detected.,4,6,True,False,495.366892976174,1638.3171994323789,0.21502972263138626
TXN_01B85FC3,2024-03-31 04:00:00,143.08,USD,CHANNEL_003,Staff Travel,DIGITAL_WALLET,2024-04-02,2024-04-02,MATCHED,2.5,REF_270948,0,True,duplicate,Duplicate transaction detected.,4,6,True,False,495.366892976174,1638.3171994323789,0.21502972263138626
TXN_44ADD0BD,2024-03-31 05:08:00,489.95,GBP,CHANNEL_009,ANDC,AMOP,2024-04-03,2024-04-03,UNMATCHED,13.88,REF_649395,0,False,,,5,6,True,False,585.2624009644618,1888.243275053581,0.050476759125095895
TXN_6596B625,2024-03-31 05:11:00,90.15,USD,CHANNEL_004,New .com,DIGITAL_WALLET,2024-04-03,2024-04-03,MATCHED,2.36,REF_837623,0,False,,,5,6,True,False,413.8197789891696,956.7559280432754,0.3382992145667997
TXN_AAC13ECA,2024-03-31 08:37:00,124.07,GBP,CHANNEL_002,Mobile App,DIGITAL_WALLET,2024-04-03,2024-04-03,MATCHED,1.52,REF_983855,0,False,,,8,6,True,False,289.71385321100917,220.87662228085722,0.7499383660457446
TXN_DA1BADB1,2024-03-31 08:50:00,177.17,USD,CHANNEL_007,Airlines Holidays,CARD,2024-04-02,2024-04-02,UNMATCHED,5.17,REF_336828,0,False,,,8,6,True,False,289.37843749999996,201.46105413533996,0.5569733464445153
TXN_832141E1,2024-03-31 10:35:00,543.49,USD,CHANNEL_006,FLY,AMOP,2024-04-02,2024-04-02,MATCHED,13.74,REF_352415,0,False,,,10,6,True,True,371.08757800219786,994.9815597278657,0.17327197706554018
TXN_4C6D7E49,2024-03-31 11:31:00,137.94,GBP,CHANNEL_008,Contact Center,DIGITAL_WALLET,2024-04-01,2024-04-01,MATCHED,2.76,REF_639535,0,False,,,11,6,True,True,306.0762376237624,215.62196186312508,0.7797732483785385
TXN_184D19C7,2024-03-31 14:39:00,159.09,EUR,CHANNEL_003,Staff Travel,DIGITAL_WALLET,2024-04-03,2024-04-03,MATCHED,4.14,REF_428399,0,False,,,14,6,True,True,495.366892976174,1638.3171994323789,0.20525750025250447
TXN_2A0C885C,2024-03-31 20:19:00,232.1,USD,CHANNEL_004,New .com,DIGITAL_WALLET,2024-04-03,2024-04-03,MATCHED,6.09,REF_954441,0,False,,,20,6,True,False,413.8197789891696,956.7559280432754,0.18993326684770767
TXN_7D83E6A2,2024-04-01 03:55:00,210.65,GBP,CHANNEL_005,NDC,CARD,2024-04-04,2024-04-04,MATCHED,3.93,REF_501384,0,False,,,3,0,False,False,241.44414893617022,171.1966887643904,0.17987584431934134
TXN_F5BC9EE1,2024-04-01 06:10:00,222.35,GBP,CHANNEL_007,Airlines Holidays,CARD,2024-04-02,2024-04-02,MATCHED,3.22,REF_629146,0,False,,,6,0,False,False,289.37843749999996,201.46105413533996,0.3327116389203979
TXN_3D09B978,2024-04-01 09:37:00,183.57,GBP,CHANNEL_009,ANDC,CARD,2024-04-04,2024-04-04,MATCHED,3.56,REF_108474,0,False,,,9,0,False,True,585.2624009644618,1888.243275053581,0.21273339419310963
TXN_AF337E1F,2024-04-01 10:55:00,776.02,EUR,CHANNEL_008,Contact Center,AMOP,2024-04-04,2024-04-04,UNMATCHED,22.27,REF_831510,0,False,,,10,0,False,True,306.0762376237624,215.62196186312508,2.1794800414373086
TXN_54C260A8,2024-04-01 15:34:00,463.02,EUR,CHANNEL_008,Contact Center,AMOP,2024-04-03,2024-04-03,MATCHED,9.28,REF_726121,0,False,,,15,0,False,True,306.0762376237624,215.62196186312508,0.72786538541869
TXN_85B0B797,2024-04-01 21:10:00,59.8,GBP,CHANNEL_003,Staff Travel,DIGITAL_WALLET,2024-04-03,2024-04-03,MATCHED,1.56,REF_226550,0,False,,,21,0,False,False,495.366892976174,1638.3171994323789,0.26586236970904237
TXN_7171B343,2024-04-02 07:41:00,137.64,GBP,CHANNEL_001,Airlines.com,CARD,2024-04-04,2024-04-04,MATCHED,4.12,REF_714549,0,False,,,7,1,False,False,529.5399166114732,1898.670997744395,0.2064074908591573
TXN_5A2807E4,2024-04-02 14:06:00,167.53,USD,CHANNEL_003,Staff Travel,DIGITAL_WALLET,2024-04-03,2024-04-03,MATCHED,4.45,REF_236381,0,False,,,14,1,False,True,495.366892976174,1638.3171994323789,0.20010587271485542
TXN_F1889C8B,2024-04-02 17:18:00,602.89,EUR,CHANNEL_002,Mobile App,AMOP,2024-04-05,2024-04-05,UNMATCHED,11.46,REF_813449,0,False,,,17,1,False,True,289.71385321100917,220.87662228085722,1.4178781962301537
TXN_8274F6F3,2024-04-02 20:45:00,205.05,EUR,CHANNEL_001,Airlines.com,DIGITAL_WALLET,2024-04-04,2024-04-04,MATCHED,4.7,REF_254525,0,False,,,20,1,False,False,529.5399166114732,1898.670997744395,0.17090370948782832
TXN_BE908FBC,2024-04-03 10:52:00,130.41,GBP,CHANNEL_003,Staff Travel,CARD,2024-04-05,2024-04-05,MATCHED,2.45,REF_975365,0,False,,,10,2,False,True,495.366892976174,1638.3171994323789,0.22276326776195668
TXN_BF00216E,2024-04-03 11:12:00,254.48,EUR,CHANNEL_006,FLY,AMOP,2024-04-05,2024-04-05,MATCHED,5.88,REF_961493,0,False,,,11,2,False,True,371.08757800219786,994.9815597278657,0.11719571771168387
TXN_18886BA0,2024-04-03 14:00:00,492.56,EUR,CHANNEL_009,ANDC,AMOP,2024-04-04,2024-04-04,MATCHED,6.75,REF_750324,0,False,,,14,2,False,True,585.2624009644618,1888.243275053581,0.04909452197669352
TXN_B252CB1D,2024-04-04 03:37:00,87.7,GBP,CHANNEL_008,Contact Center,DIGITAL_WALLET,2024-04-07,2024-04-07,MATCHED,1.13,REF_887042,0,False,,,3,3,False,False,306.0762376237624,215.62196186312508,1.0127736327822938
TXN_6BBD5990,2024-04-04 05:25:00,164.68,GBP,CHANNEL_007,Airlines Holidays,DIGITAL_WALLET,2024-04-05,2024-04-05,MATCHED,1.72,REF_757066,0,False,,,5,3,False,False,289.37843749999996,201.46105413533996,0.6189704408884336
TXN_13168145,2024-04-04 05:38:00,154.98,EUR,CHANNEL_010,PBL,DIGITAL_WALLET,2024-04-05,2024-04-05,MATCHED,1.9,REF_126925,0,False,,,5,3,False,False,385.4075653356448,1550.0644555145593,0.14865676360480898
TXN_56C406B4,2024-04-04 06:18:00,521.29,EUR,CHANNEL_010,PBL,AMOP,2024-04-06,2024-04-06,UNMATCHED,11.71,REF_910143,0,False,,,6,3,False,False,385.4075653356448,1550.0644555145593,0.08766244150747116
TXN_053362FD,2024-04-04 14:32:00,185.39,GBP,CHANNEL_007,Airlines Holidays,DIGITAL_WALLET,2024-04-05,2024-04-05,MATCHED,4.38,REF_286209,0,False,,,14,3,False,True,289.37843749999996,201.46105413533996,0.516171415593514
TXN_67D654BF,2024-04-04 22:03:00,472.08,EUR,CHANNEL_010,PBL,AMOP,2024-04-05,2024-04-05,MATCHED,5.1,REF_326387,0,False,,,22,3,False,False,385.4075653356448,1550.0644555145593,0.05591537458717058
TXN_D0DACDA9,2024-04-05 00:57:00,161.11,GBP,CHANNEL_006,FLY,DIGITAL_WALLET,2024-04-06,2024-04-06,MATCHED,1.67,REF_827213,0,False,,,0,4,False,False,371.08757800219786,994.9815597278657,0.21103665283970505
TXN_07993A88,2024-04-05 01:49:00,122.13,USD,CHANNEL_004,New .com,CARD,2024-04-07,2024-04-07,MATCHED,2.46,REF_456637,0,False,,,1,4,False,False,413.8197789891696,956.7559280432754,0.30487376188587995
TXN_AEF16C2A,2024-04-05 11:28:00,199.8,EUR,CHANNEL_008,Contact Center,DIGITAL_WALLET,2024-04-07,2024-04-07,MATCHED,5.31,REF_658739,0,False,,,11,4,False,True,306.0762376237624,215.62196186312508,0.49288224958840504
TXN_3C9E404E,2024-04-05 14:47:00,99.44,GBP,CHANNEL_002,Mobile App,DIGITAL_WALLET,2024-04-08,2024-04-08,MATCHED,2.0,REF_695403,0,False,,,14,4,False,True,289.71385321100917,220.87662228085722,0.8614485826800861
TXN_3680E13D,2024-04-05 16:51:00,755.69,USD,CHANNEL_009,ANDC,AMOP,2024-04-08,2024-04-08,MATCHED,8.22,REF_200617,0,False,,,16,4,False,True,585.2624009644618,1888.243275053581,0.09025722547890562
TXN_0CCA12A8,2024-04-05 21:57:00,173.57,USD,CHANNEL_003,Staff Travel,CARD,2024-04-08,2024-04-08,MATCHED,3.91,REF_787326,0,False,,,21,4,False,False,495.366892976174,1638.3171994323789,0.19641916296042405
TXN_64EC158D,2024-04-05 22:06:00,181.65,USD,CHANNEL_001,Airlines.com,CARD,2024-04-08,2024-04-08,MATCHED,2.33,REF_366641,0,True,duplicate,Duplicate transaction detected.,22,4,False,False,529.5399166114732,1898.670997744395,0.18322811957667418
TXN_21F3CAB9,2024-04-05 22:06:00,181.65,USD,CHANNEL_001,Airlines.com,CARD,2024-04-08,2024-04-08,MATCHED,2.33,REF_366641,0,True,duplicate,Duplicate transaction detected.,22,4,False,False,529.5399166114732,1898.670997744395,0.18322811957667418
TXN_528B500D,2024-04-06 05:30:00,391.47,EUR,CHANNEL_008,Contact Center,AMOP,2024-04-08,2024-04-08,MATCHED,8.69,REF_932106,0,False,,,5,5,True,False,306.0762376237624,215.62196186312508,0.3960346229965427
TXN_57980C73,2024-04-06 12:05:00,178.83,EUR,CHANNEL_009,ANDC,CARD,2024-04-07,2024-04-07,MATCHED,4.87,REF_654531,0,False,,,12,5,True,True,585.2624009644618,1888.243275053581,0.2152436639568748
TXN_74A8B323,2024-04-06 12:52:00,123.45,USD,CHANNEL_004,New .com,CARD,2024-04-09,2024-04-09,MATCHED,2.33,REF_568784,0,False,,,12,5,True,True,413.8197789891696,956.7559280432754,0.3034940996739095
TXN_B5B3FA23,2024-04-06 14:04:00,488.88,EUR,CHANNEL_002,Mobile App,AMOP,2024-04-09,2024-04-09,MATCHED,12.22,REF_611751,0,True,duplicate,Duplicate transaction detected.,14,5,True,True,289.71385321100917,220.87662228085722,0.9017076806604717
TXN_711615F2,2024-04-06 14:04:00,488.88,EUR,CHANNEL_002,Mobile App,AMOP,2024-04-09,2024-04-09,MATCHED,12.22,REF_611751,0,True,duplicate,Duplicate transaction detected.,14,5,True,True,289.71385321100917,220.87662228085722,0.9017076806604717
TXN_7422EDBC,2024-04-06 17:24:00,155.27,USD,CHANNEL_001,Airlines.com,CARD,2024-04-09,2024-04-09,MATCHED,3.31,REF_251631,0,False,,,17,5,True,True,529.5399166114732,1898.670997744395,0.19712204855717644
TXN_CFC3B649,2024-04-06 18:24:00,211.05,GBP,CHANNEL_006,FLY,DIGITAL_WALLET,2024-04-07,2024-04-07,MATCHED,5.52,REF_620860,0,False,,,18,5,True,False,371.08757800219786,994.9815597278657,0.16084476786280263
TXN_E4B9ABCC,2024-04-06 19:33:00,489.72,USD,CHANNEL_005,NDC,AMOP,2024-04-09,2024-04-09,MATCHED,12.31,REF_459742,0,False,,,19,5,True,False,241.44414893617022,171.1966887643904,1.450237459940126
TXN_69041843,2024-04-06 20:13:00,127.38,USD,CHANNEL_006,FLY,AMOP,2024-04-08,2024-04-08,MATCHED,1.55,REF_996508,0,False,,,20,5,True,False,371.08757800219786,994.9815597278657,0.24493677859603102
TXN_50C37F01,2024-04-07 01:19:00,165.13,USD,CHANNEL_009,ANDC,CARD,2024-04-08,2024-04-08,MATCHED,3.43,REF_260639,0,False,,,1,6,True,False,585.2624009644618,1888.243275053581,0.22249908500404433
TXN_3FEB855E,2024-04-07 08:05:00,132.53,EUR,CHANNEL_002,Mobile App,CARD,2024-04-08,2024-04-08,MATCHED,1.77,REF_261719,0,False,,,8,6,True,False,289.71385321100917,220.87662228085722,0.7116364402346796
TXN_50C148FA,2024-04-07 08:29:00,162.1,USD,CHANNEL_006,FLY,CARD,2024-04-10,2024-04-10,MATCHED,2.77,REF_779514,0,False,,,8,6,True,False,371.08757800219786,994.9815597278657,0.21004165952518497
TXN_EC56D0C2,2024-04-07 10:01:00,761.43,GBP,CHANNEL_008,Contact Center,AMOP,2024-04-09,2024-04-09,MATCHED,15.04,REF_725113,0,False,,,10,6,True,True,306.0762376237624,215.62196186312508,2.1118153199315204
TXN_FE16404C,2024-04-07 10:31:00,144.44,GBP,CHANNEL_001,Airlines.com,CARD,2024-04-10,2024-04-10,MATCHED,3.8,REF_100193,0,False,,,10,6,True,True,529.5399166114732,1898.670997744395,0.20282603835470636
TXN_B36BFB7B,2024-04-07 17:45:00,256.65,EUR,CHANNEL_004,New .com,DIGITAL_WALLET,2024-04-09,2024-04-09,MATCHED,6.84,REF_144357,0,False,,,17,6,True,True,413.8197789891696,956.7559280432754,0.16427364010234868
TXN_5B6DF61F,2024-04-07 20:41:00,179.68,GBP,CHANNEL_009,ANDC,AMOP,2024-04-08,2024-04-08,MATCHED,2.6,REF_456765,0,False,,,20,6,True,False,585.2624009644618,1888.243275053581,0.21479351009628403
TXN_754CF6ED,2024-04-07 21:27:00,623.19,GBP,CHANNEL_003,Staff Travel,AMOP,2024-04-09,2024-04-09,MATCHED,17.55,REF_136332,0,False,,,21,6,True,False,495.366892976174,1638.3171994323789,0.07802097607722878
TXN_6C93D939,2024-04-08 01:05:00,346.01,GBP,CHANNEL_007,Airlines Holidays,AMOP,2024-04-11,2024-04-11,MATCHED,8.34,REF_567493,0,False,,,1,0,False,False,289.37843749999996,201.46105413533996,0.2811042697213099
TXN_11C40DCC,2024-04-08 02:21:00,177.92,EUR,CHANNEL_004,New .com,DIGITAL_WALLET,2024-04-10,2024-04-10,MATCHED,3.31,REF_827851,0,False,,,2,0,False,False,413.8197789891696,956.7559280432754,0.24656212945722092
TXN_53D78561,2024-04-08 04:53:00,158.32,GBP,CHANNEL_009,ANDC,DIGITAL_WALLET,2024-04-09,2024-04-09,MATCHED,1.62,REF_619920,0,False,,,4,0,False,False,585.2624009644618,1888.243275053581,0.22610561181654246
TXN_229A952A,2024-04-08 06:30:00,585.44,EUR,CHANNEL_002,Mobile App,AMOP,2024-04-11,2024-04-11,MATCHED,17.12,REF_209380,0,False,,,6,0,False,False,289.71385321100917,220.87662228085722,1.3388748149768346
TXN_EF804181,2024-04-08 10:11:00,149.07,USD,CHANNEL_008,Contact Center,DIGITAL_WALLET,2024-04-11,2024-04-11,MATCHED,2.59,REF_545120,0,False,,,10,0,False,True,306.0762376237624,215.62196186312508,0.7281551297795378
TXN_B7833676,2024-04-08 13:11:00,191.52,EUR,CHANNEL_008,Contact Center,DIGITAL_WALLET,2024-04-11,2024-04-11,MATCHED,4.57,REF_274971,0,False,,,13,0,False,True,306.0762376237624,215.62196186312508,0.5312827906485781
TXN_49309290,2024-04-08 17:32:00,566.73,EUR,CHANNEL_008,Contact Center,AMOP,2024-04-11,2024-04-11,MATCHED,11.24,REF_186686,0,False,,,17,0,False,True,306.0762376237624,215.62196186312508,1.208846075436872
TXN_27375F01,2024-04-08 18:02:00,161.2,EUR,CHANNEL_010,PBL,CARD,2024-04-10,2024-04-10,MATCHED,3.06,REF_701800,0,False,,,18,0,False,False,385.4075653356448,1550.0644555145593,0.14464402724544564
TXN_D7D4EE66,2024-04-08 18:10:00,316.12,USD,CHANNEL_004,New .com,AMOP,2024-04-11,2024-04-11,MATCHED,8.04,REF_765824,0,False,,,18,0,False,False,413.8197789891696,956.7559280432754,0.10211567665849937
TXN_1B736D7A,2024-04-08 21:50:00,271.41,GBP,CHANNEL_003,Staff Travel,AMOP,2024-04-11,2024-04-11,MATCHED,3.4,REF_986088,0,False,,,21,0,False,False,495.366892976174,1638.3171994323789,0.13669934799791358
TXN_5061E7B4,2024-04-09 21:19:00,199.81,EUR,CHANNEL_006,FLY,CARD,2024-04-12,2024-04-12,MATCHED,4.91,REF_365617,0,False,,,21,1,False,False,371.08757800219786,994.9815597278657,0.17214145963573782
TXN_35263256,2024-04-10 01:05:00,174.24,USD,CHANNEL_007,Airlines Holidays,DIGITAL_WALLET,2024-04-13,2024-04-13,MATCHED,2.84,REF_754112,0,False,,,1,2,False,False,289.37843749999996,201.46105413533996,0.5715171003853223
TXN_B69B3543,2024-04-10 06:31:00,141.64,EUR,CHANNEL_006,FLY,DIGITAL_WALLET,2024-04-11,2024-04-11,MATCHED,2.87,REF_255132,0,False,,,6,2,False,False,371.08757800219786,994.9815597278657,0.23060485469193354
TXN_4F5AE369,2024-04-10 07:57:00,162.19,USD,CHANNEL_010,PBL,DIGITAL_WALLET,2024-04-13,2024-04-13,MATCHED,2.06,REF_626560,0,False,,,7,2,False,False,385.4075653356448,1550.0644555145593,0.1440053441271547
TXN_C0FDAD82,2024-04-11 06:27:00,525.84,USD,CHANNEL_004,New .com,AMOP,2024-04-13,2024-04-13,MATCHED,8.65,REF_693643,0,False,,,6,3,False,False,413.8197789891696,956.7559280432754,0.11708338326152874
TXN_35090826,2024-04-11 10:34:00,175.66,USD,CHANNEL_001,Airlines.com,DIGITAL_WALLET,2024-04-14,2024-04-14,MATCHED,4.34,REF_126008,0,False,,,10,3,False,True,529.5399166114732,1898.670997744395,0.18638295788574197
TXN_E4903E9E,2024-04-11 23:23:00,547.85,USD,CHANNEL_007,Airlines Holidays,AMOP,2024-04-14,2024-04-14,MATCHED,12.5,REF_230524,0,False,,,23,3,False,False,289.37843749999996,201.46105413533996,1.2829852579167034
TXN_BF2B5087,2024-04-12 01:10:00,166.2,USD,CHANNEL_007,Airlines Holidays,CARD,2024-04-14,2024-04-14,MATCHED,2.54,REF_865990,0,False,,,1,4,False,False,289.37843749999996,201.46105413533996,0.6114255582979808
TXN_54E5EFDA,2024-04-12 08:28:00,148.78,GBP,CHANNEL_003,Staff Travel,DIGITAL_WALLET,2024-04-15,2024-04-15,MATCHED,4.4,REF_383062,0,False,,,8,4,False,False,495.366892976174,1638.3171994323789,0.21155054289624411
TXN_58B650E8,2024-04-12 17:32:00,193.56,GBP,CHANNEL_007,Airlines Holidays,DIGITAL_WALLET,2024-04-14,2024-04-14,MATCHED,5.0,REF_722665,0,False,,,17,4,False,True,289.37843749999996,201.46105413533996,0.47561767166982993
TXN_714B8707,2024-04-12 19:53:00,663.15,USD,CHANNEL_004,New .com,AMOP,2024-04-13,2024-04-13,MATCHED,7.86,REF_652005,0,False,,,19,4,False,False,413.8197789891696,956.7559280432754,0.2605996092658156
TXN_7B3FCEF6,2024-04-12 21:06:00,123.49,USD,CHANNEL_003,Staff Travel,CARD,2024-04-13,2024-04-17,MATCHED,2.03,REF_890371,4,False,,,21,4,False,False,495.366892976174,1638.3171994323789,0.2269871140369012
TXN_ECAAD01D,2024-04-13 00:20:00,164.05,USD,CHANNEL_003,Staff Travel,DIGITAL_WALLET,2024-04-15,2024-04-15,MATCHED,4.37,REF_355135,0,False,,,0,5,True,False,495.366892976174,1638.3171994323789,0.20223000350052114
TXN_BDAF9A28,2024-04-13 12:27:00,265.97,EUR,CHANNEL_009,ANDC,CARD,2024-04-14,2024-04-14,MATCHED,3.58,REF_477789,0,False,,,12,5,True,True,585.2624009644618,1888.243275053581,0.16909494935465955
TXN_9A15D3FD,2024-04-13 12:47:00,146.49,EUR,CHANNEL_001,Airlines.com,DIGITAL_WALLET,2024-04-14,2024-04-14,MATCHED,4.38,REF_819656,0,False,,,12,5,True,True,529.5399166114732,1898.670997744395,0.20174633576145276
TXN_BCDD889A,2024-04-13 18:13:00,98.94,USD,CHANNEL_001,Airlines.com,DIGITAL_WALLET,2024-04-16,2024-04-16,MATCHED,2.06,REF_483588,0,False,,,18,5,True,False,529.5399166114732,1898.670997744395,0.2267901690830177
TXN_544AF16B,2024-04-13 18:48:00,521.71,EUR,CHANNEL_001,Airlines.com,AMOP,2024-04-14,2024-04-14,MATCHED,10.57,REF_858472,0,False,,,18,5,True,False,529.5399166114732,1898.670997744395,0.004123893302618033
TXN_F6199BCE,2024-04-14 03:07:00,205.35,USD,CHANNEL_006,FLY,DIGITAL_WALLET,2024-04-15,2024-04-15,MATCHED,2.22,REF_492649,0,False,,,3,6,True,False,371.08757800219786,994.9815597278657,0.16657351724943348
TXN_035C1444,2024-04-14 05:49:00,232.25,EUR,CHANNEL_003,Staff Travel,DIGITAL_WALLET,2024-04-16,2024-04-16,MATCHED,5.32,REF_570325,0,False,,,5,6,True,False,495.366892976174,1638.3171994323789,0.16060192316074995
TXN_CCDFC87D,2024-04-14 16:01:00,450.5,GBP,CHANNEL_001,Airlines.com,AMOP,2024-04-17,2024-04-17,MATCHED,10.34,REF_737894,0,False,,,16,6,True,True,529.5399166114732,1898.670997744395,0.041629074602904874
TXN_4F233147,2024-04-14 20:59:00,482.18,EUR,CHANNEL_008,Contact Center,AMOP,2024-04-16,2024-04-16,MATCHED,6.75,REF_906066,0,False,,,20,6,True,False,306.0762376237624,215.62196186312508,0.8167246084516508
TXN_EC5BA6C3,2024-04-15 09:28:00,219.21,GBP,CHANNEL_005,NDC,CARD,2024-04-16,2024-04-21,MATCHED,2.66,REF_735022,5,False,,,9,0,False,True,241.44414893617022,171.1966887643904,0.12987487723416183
TXN_1C8E24E1,2024-04-15 10:45:00,169.2,EUR,CHANNEL_008,Contact Center,CARD,2024-04-16,2024-04-16,UNMATCHED,4.3,REF_265613,0,False,,,10,0,False,True,306.0762376237624,215.62196186312508,0.6347972926368707
TXN_0D68D8D2,2024-04-15 11:33:00,184.91,EUR,CHANNEL_009,ANDC,CARD,2024-04-16,2024-04-16,MATCHED,4.93,REF_885161,0,False,,,11,0,False,True,585.2624009644618,1888.243275053581,0.21202373987170767
TXN_4DB27B02,2024-04-15 12:10:00,180.03,EUR,CHANNEL_002,Mobile App,CARD,2024-04-18,2024-04-18,UNMATCHED,3.31,REF_316509,0,False,,,12,0,False,True,289.71385321100917,220.87662228085722,0.49658425630730574
TXN_B955878A,2024-04-15 18:21:00,685.57,EUR,CHANNEL_006,FLY,AMOP,2024-04-18,2024-04-18,MATCHED,15.99,REF_418853,0,False,,,18,0,False,False,371.08757800219786,994.9815597278657,0.31606859335545406
TXN_AB0A90B7,2024-04-15 21:55:00,154.59,GBP,CHANNEL_004,New .com,AMOP,2024-04-16,2024-04-16,MATCHED,3.98,REF_593554,0,False,,,21,0,False,False,413.8197789891696,956.7559280432754,0.27094661385515273
TXN_87182AF7,2024-04-16 04:18:00,159.6,GBP,CHANNEL_003,Staff Travel,CARD,2024-04-17,2024-04-17,MATCHED,1.83,REF_789886,0,False,,,4,1,False,False,495.366892976174,1638.3171994323789,0.2049462052235707
TXN_A02D2E95,2024-04-16 04:53:00,183.14,GBP,CHANNEL_010,PBL,DIGITAL_WALLET,2024-04-18,2024-04-18,MATCHED,2.36,REF_451709,0,False,,,4,1,False,False,385.4075653356448,1550.0644555145593,0.13048977712897755
TXN_839D1E89,2024-04-16 12:16:00,157.04,USD,CHANNEL_010,PBL,DIGITAL_WALLET,2024-04-19,2024-04-19,MATCHED,3.68,REF_837496,0,False,,,12,1,False,True,385.4075653356448,1550.0644555145593,0.14732778661119347
TXN_01610714,2024-04-16 13:21:00,992.65,USD,CHANNEL_009,ANDC,AMOP,2024-04-18,2024-04-18,MATCHED,11.16,REF_829308,0,False,,,13,1,False,True,585.2624009644618,1888.243275053581,0.21574952995607946
TXN_C01EE189,2024-04-16 19:40:00,866.29,EUR,CHANNEL_001,Airlines.com,AMOP,2024-04-19,2024-04-19,MATCHED,18.12,REF_943776,0,False,,,19,1,False,False,529.5399166114732,1898.670997744395,0.17736094551851425
TXN_6D4F93B2,2024-04-16 19:41:00,188.96,USD,CHANNEL_002,Mobile App,CARD,2024-04-18,2024-04-18,MATCHED,2.69,REF_492073,0,False,,,19,1,False,False,289.71385321100917,220.87662228085722,0.45615444572895947
TXN_8BDA7081,2024-04-16 20:52:00,172.39,GBP,CHANNEL_005,NDC,CARD,2024-04-18,2024-04-18,MATCHED,4.64,REF_156700,0,False,,,20,1,False,False,241.44414893617022,171.1966887643904,0.4033614752397815
TXN_2377DB4D,2024-04-16 21:47:00,544.76,USD,CHANNEL_009,ANDC,AMOP,2024-04-19,2024-04-19,MATCHED,14.25,REF_155642,0,False,,,21,1,False,False,585.2624009644618,1888.243275053581,0.021449779008646277
TXN_32D966EB,2024-04-17 00:35:00,209.83,GBP,CHANNEL_004,New .com,CARD,2024-04-18,2024-04-18,MATCHED,6.24,REF_665940,0,False,,,0,2,False,False,413.8197789891696,956.7559280432754,0.21320984068148136
TXN_5BBB55F1,2024-04-17 03:26:00,281.62,EUR,CHANNEL_003,Staff Travel,CARD,2024-04-18,2024-04-18,MATCHED,6.13,REF_205896,0,False,,,3,2,False,False,495.366892976174,1638.3171994323789,0.1304673435951414
TXN_D67D4775,2024-04-17 05:48:00,183.9,USD,CHANNEL_006,FLY,CARD,2024-04-20,2024-04-20,MATCHED,4.06,REF_706204,0,False,,,5,2,False,False,371.08757800219786,994.9815597278657,0.18813170573070212
TXN_6DF9C222,2024-04-17 07:55:00,380.12,EUR,CHANNEL_003,Staff Travel,AMOP,2024-04-18,2024-04-18,MATCHED,9.28,REF_639728,0,False,,,7,2,False,False,495.366892976174,1638.3171994323789,0.07034467624224607
TXN_0C8CF09B,2024-04-17 15:03:00,212.3,USD,CHANNEL_003,Staff Travel,DIGITAL_WALLET,2024-04-18,2024-04-18,MATCHED,2.52,REF_834891,0,False,,,15,2,False,True,495.366892976174,1638.3171994323789,0.17277905223374754
TXN_7E38C04C,2024-04-17 15:08:00,151.9,EUR,CHANNEL_009,ANDC,DIGITAL_WALLET,2024-04-19,2024-04-19,MATCHED,2.48,REF_695417,0,False,,,15,2,False,True,585.2624009644618,1888.243275053581,0.22950559744594598
TXN_F9DD3E45,2024-04-17 18:47:00,537.29,EUR,CHANNEL_003,Staff Travel,AMOP,2024-04-19,2024-04-19,MATCHED,6.44,REF_393328,0,False,,,18,2,False,False,495.366892976174,1638.3171994323789,0.0255891270862266
TXN_9F08B284,2024-04-17 19:49:00,160.17,GBP,CHANNEL_001,Airlines.com,CARD,2024-04-20,2024-04-25,MATCHED,1.82,REF_151040,5,False,,,19,2,False,False,529.5399166114732,1898.670997744395,0.19454129601720446
TXN_3380EEE4,2024-04-17 19:58:00,902.04,USD,CHANNEL_004,New .com,AMOP,2024-04-19,2024-04-19,MATCHED,26.4,REF_532794,0,False,,,19,2,False,False,413.8197789891696,956.7559280432754,0.5102871136730992
TXN_1D362051,2024-04-18 03:49:00,170.65,USD,CHANNEL_005,NDC,CARD,2024-04-19,2024-04-19,MATCHED,2.12,REF_579318,0,False,,,3,3,False,False,241.44414893617022,171.1966887643904,0.4135252232220492
TXN_85CF8E43,2024-04-18 06:32:00,420.07,GBP,CHANNEL_004,New .com,AMOP,2024-04-20,2024-04-20,MATCHED,10.6,REF_242514,0,False,,,6,3,False,False,413.8197789891696,956.7559280432754,0.006532722534171412
TXN_FBFBCF5D,2024-04-18 11:44:00,109.17,GBP,CHANNEL_002,Mobile App,DIGITAL_WALLET,2024-04-19,2024-04-19,MATCHED,3.13,REF_401036,0,False,,,11,3,False,True,289.71385321100917,220.87662228085722,0.8173968405829628
TXN_C70BEF70,2024-04-18 15:38:00,422.94,USD,CHANNEL_008,Contact Center,AMOP,2024-04-21,2024-04-21,MATCHED,6.05,REF_397005,0,False,,,15,3,False,True,306.0762376237624,215.62196186312508,0.5419845055042292
TXN_DE19AE0B,2024-04-19 00:39:00,162.25,EUR,CHANNEL_006,FLY,CARD,2024-04-22,2024-04-22,MATCHED,2.97,REF_478120,0,False,,,0,4,False,False,371.08757800219786,994.9815597278657,0.2098909029623789
TXN_34501FBB,2024-04-19 03:10:00,122.85,USD,CHANNEL_003,Staff Travel,DIGITAL_WALLET,2024-04-22,2024-04-22,UNMATCHED,2.47,REF_564531,0,False,,,3,4,False,False,495.366892976174,1638.3171994323789,0.22737775877909258
TXN_00821AD8,2024-04-19 06:44:00,174.05,USD,CHANNEL_003,Staff Travel,DIGITAL_WALLET,2024-04-21,2024-04-21,MATCHED,2.29,REF_186424,0,False,,,6,4,False,False,495.366892976174,1638.3171994323789,0.1961261794037805
TXN_D3BA2B50,2024-04-19 11:24:00,230.37,USD,CHANNEL_006,FLY,CARD,2024-04-21,2024-04-21,MATCHED,3.89,REF_191853,0,False,,,11,4,False,True,371.08757800219786,994.9815597278657,0.14142732257338023
TXN_2E2D5B49,2024-04-19 22:57:00,597.3,GBP,CHANNEL_006,FLY,AMOP,2024-04-21,2024-04-21,MATCHED,15.3,REF_448813,0,False,,,22,4,False,False,371.08757800219786,994.9815597278657,0.22735338136283928
TXN_23F6CCC6,2024-04-20 04:15:00,1270.55,EUR,CHANNEL_009,ANDC,AMOP,2024-04-21,2024-04-21,MATCHED,30.03,REF_501126,0,False,,,4,5,True,False,585.2624009644618,1888.243275053581,0.3629233627304153
TXN_065BD155,2024-04-20 06:38:00,729.73,EUR,CHANNEL_004,New .com,AMOP,2024-04-22,2024-04-22,MATCHED,17.18,REF_130170,0,False,,,6,5,True,False,413.8197789891696,956.7559280432754,0.33018893507868746
TXN_52F6E4FA,2024-04-20 16:58:00,157.52,EUR,CHANNEL_001,Airlines.com,CARD,2024-04-21,2024-04-21,MATCHED,2.06,REF_336422,0,False,,,16,5,True,True,529.5399166114732,1898.670997744395,0.19593700912555664
TXN_6B408226,2024-04-21 00:29:00,617.66,EUR,CHANNEL_002,Mobile App,AMOP,2024-04-23,2024-05-13,UNMATCHED,11.48,REF_220768,26,True,settlement_delay,Excessive settlement delay detected.,0,6,True,False,289.71385321100917,220.87662228085722,1.4847481068955708
TXN_DE5EDD5A,2024-04-21 04:05:00,156.68,USD,CHANNEL_003,Staff Travel,DIGITAL_WALLET,2024-04-24,2024-04-24,MATCHED,4.26,REF_288531,0,False,,,4,6,True,False,495.366892976174,1638.3171994323789,0.206728521859819
TXN_02EB66DD,2024-04-21 06:52:00,103.84,USD,CHANNEL_003,Staff Travel,DIGITAL_WALLET,2024-04-24,2024-04-24,MATCHED,1.7,REF_506951,0,False,,,6,6,True,False,495.366892976174,1638.3171994323789,0.23898112838699653
TXN_4C962854,2024-04-21 08:40:00,170.09,EUR,CHANNEL_001,Airlines.com,CARD,2024-04-23,2024-04-23,MATCHED,3.87,REF_267758,0,False,,,8,6,True,False,529.5399166114732,1898.670997744395,0.1893165888342407
TXN_9FF1B81E,2024-04-21 12:15:00,177.18,EUR,CHANNEL_003,Staff Travel,DIGITAL_WALLET,2024-04-23,2024-04-23,MATCHED,4.06,REF_755698,0,False,,,12,6,True,True,495.366892976174,1638.3171994323789,0.19421568246150067
TXN_0569A91A,2024-04-21 13:59:00,218.01,EUR,CHANNEL_002,Mobile App,CARD,2024-04-24,2024-04-24,MATCHED,5.03,REF_762903,0,False,,,13,6,True,True,289.71385321100917,220.87662228085722,0.3246330574533761
TXN_CFB7426D,2024-04-21 20:31:00,205.17,EUR,CHANNEL_006,FLY,CARD,2024-04-24,2024-04-24,MATCHED,6.03,REF_474158,0,False,,,20,6,True,False,371.08757800219786,994.9815597278657,0.16675442512480076
TXN_B7FE9EF4,2024-04-21 22:08:00,590.71,EUR,CHANNEL_003,Staff Travel,AMOP,2024-04-23,2024-04-23,MATCHED,8.25,REF_745919,0,False,,,22,6,True,False,495.366892976174,1638.3171994323789,0.05819575541101516
TXN_FD83C51A,2024-04-22 03:33:00,178.04,EUR,CHANNEL_008,Contact Center,CARD,2024-04-25,2024-04-25,MATCHED,2.29,REF_919488,0,False,,,3,0,False,False,306.0762376237624,215.62196186312508,0.5937996135339807
TXN_2C88C37B,2024-04-22 07:32:00,166.92,EUR,CHANNEL_004,New .com,DIGITAL_WALLET,2024-04-25,2024-04-25,MATCHED,2.8,REF_591223,0,False,,,7,0,False,False,413.8197789891696,956.7559280432754,0.25805931455697445
TXN_04C0E0E8,2024-04-22 07:59:00,169.59,GBP,CHANNEL_010,PBL,CARD,2024-04-25,2024-04-25,MATCHED,2.03,REF_116389,0,False,,,7,0,False,False,385.4075653356448,1550.0644555145593,0.13923134910154558
TXN_529AB250,2024-04-22 10:27:00,208.39,USD,CHANNEL_010,PBL,CARD,2024-04-25,2024-04-25,MATCHED,3.42,REF_517584,0,False,,,10,0,False,True,385.4075653356448,1550.0644555145593,0.11420013194024378
TXN_05A80302,2024-04-22 12:25:00,555.8,GBP,CHANNEL_001,Airlines.com,AMOP,2024-04-23,2024-04-23,MATCHED,11.49,REF_990731,0,False,,,12,0,False,True,529.5399166114732,1898.670997744395,0.013830770796901341
TXN_DCD47069,2024-04-22 17:45:00,190.63,EUR,CHANNEL_005,NDC,DIGITAL_WALLET,2024-04-25,2024-04-25,MATCHED,3.92,REF_795613,0,False,,,17,0,False,True,241.44414893617022,171.1966887643904,0.2968173584601467
TXN_7CE7F618,2024-04-22 21:07:00,139.82,GBP,CHANNEL_005,NDC,CARD,2024-04-23,2024-04-23,MATCHED,2.16,REF_207348,0,False,,,21,0,False,False,241.44414893617022,171.1966887643904,0.5936104820113114
TXN_8879945A,2024-04-23 05:15:00,155.75,GBP,CHANNEL_003,Staff Travel,CARD,2024-04-26,2024-04-26,UNMATCHED,1.96,REF_891018,0,False,,,5,1,False,False,495.366892976174,1638.3171994323789,0.2072961775008159
TXN_1992984B,2024-04-23 07:47:00,153.84,USD,CHANNEL_001,Airlines.com,CARD,2024-04-24,2024-04-24,UNMATCHED,3.8,REF_595793,0,False,,,7,1,False,False,529.5399166114732,1898.670997744395,0.19787520695149477
TXN_230A8281,2024-04-23 10:44:00,106.72,USD,CHANNEL_002,Mobile App,DIGITAL_WALLET,2024-04-24,2024-04-24,MATCHED,2.99,REF_126000,0,False,,,10,1,False,True,289.71385321100917,220.87662228085722,0.8284890058592169
TXN_6A8C0A7D,2024-04-23 11:45:00,774.98,USD,CHANNEL_009,ANDC,AMOP,2024-04-26,2024-04-26,MATCHED,15.39,REF_198123,0,False,,,11,1,False,True,585.2624009644618,1888.243275053581,0.10047307015043111
TXN_EA7807B2,2024-04-23 12:36:00,219.97,USD,CHANNEL_008,Contact Center,CARD,2024-04-25,2024-04-25,MATCHED,6.43,REF_128679,0,True,duplicate,Duplicate transaction detected.,12,1,False,True,306.0762376237624,215.62196186312508,0.39933890258554394
TXN_A924D638,2024-04-23 12:36:00,219.97,USD,CHANNEL_008,Contact Center,CARD,2024-04-25,2024-04-25,MATCHED,6.43,REF_128679,0,True,duplicate,Duplicate transaction detected.,12,1,False,True,306.0762376237624,215.62196186312508,0.39933890258554394
TXN_1D29BEA5,2024-04-23 18:37:00,177.29,GBP,CHANNEL_006,FLY,AMOP,2024-04-25,2024-04-25,MATCHED,4.42,REF_338846,0,False,,,18,1,False,False,371.08757800219786,994.9815597278657,0.19477504493168982
TXN_E872D6BB,2024-04-23 19:09:00,185.06,GBP,CHANNEL_008,Contact Center,CARD,2024-04-25,2024-04-25,MATCHED,2.59,REF_189982,0,False,,,19,1,False,False,306.0762376237624,215.62196186312508,0.5612426330699208
TXN_D0BF8AC9,2024-04-23 23:41:00,933.0,GBP,CHANNEL_001,Airlines.com,AMOP,2024-04-24,2024-04-24,MATCHED,10.5,REF_452192,0,False,,,23,1,False,False,529.5399166114732,1898.670997744395,0.2124960479555615
TXN_ECFC28F0,2024-04-24 05:43:00,205.44,GBP,CHANNEL_002,Mobile App,CARD,2024-04-25,2024-04-25,MATCHED,5.07,REF_683635,0,False,,,5,2,False,False,289.71385321100917,220.87662228085722,0.3815426564421569
TXN_F6B4412E,2024-04-24 07:34:00,257.16,USD,CHANNEL_004,New .com,AMOP,2024-04-25,2024-04-25,MATCHED,7.22,REF_561999,0,False,,,7,2,False,False,413.8197789891696,956.7559280432754,0.16374058879317824
TXN_B903F208,2024-04-24 17:08:00,132.27,GBP,CHANNEL_004,New .com,DIGITAL_WALLET,2024-04-27,2024-04-27,MATCHED,2.86,REF_424008,0,False,,,17,2,False,True,413.8197789891696,956.7559280432754,0.294275447621198
TXN_95EDFE52,2024-04-24 17:35:00,788.31,GBP,CHANNEL_009,ANDC,AMOP,2024-04-26,2024-04-26,MATCHED,8.3,REF_922543,0,False,,,17,2,False,True,585.2624009644618,1888.243275053581,0.10753254187004926
TXN_63CFBDFA,2024-04-25 03:06:00,173.57,USD,CHANNEL_004,New .com,CARD,2024-04-28,2024-04-28,MATCHED,2.97,REF_647341,0,False,,,3,3,False,False,413.8197789891696,956.7559280432754,0.25110874356485074
TXN_E32B4DD1,2024-04-25 08:22:00,315.57,GBP,CHANNEL_002,Mobile App,AMOP,2024-04-26,2024-04-26,MATCHED,8.05,REF_822608,0,False,,,8,3,False,False,289.71385321100917,220.87662228085722,0.11706149126145755
TXN_1D3BD60E,2024-04-25 10:50:00,538.1,EUR,CHANNEL_007,Airlines Holidays,AMOP,2024-04-26,2024-04-26,MATCHED,14.35,REF_583326,0,False,,,10,3,False,True,289.37843749999996,201.46105413533996,1.2345888070897855
TXN_7E209B1D,2024-04-25 15:55:00,249.14,GBP,CHANNEL_003,Staff Travel,AMOP,2024-04-27,2024-04-27,MATCHED,5.92,REF_534631,0,False,,,15,3,False,True,495.366892976174,1638.3171994323789,0.150292564261355
TXN_8F8E1920,2024-04-25 21:28:00,185.47,USD,CHANNEL_003,Staff Travel,DIGITAL_WALLET,2024-04-28,2024-04-28,MATCHED,2.19,REF_344131,0,False,,,21,3,False,False,495.366892976174,1638.3171994323789,0.18915561228530267
TXN_ACBB5512,2024-04-26 01:06:00,141.35,GBP,CHANNEL_001,Airlines.com,DIGITAL_WALLET,2024-04-27,2024-04-27,MATCHED,1.86,REF_346729,0,False,,,1,4,False,False,529.5399166114732,1898.670997744395,0.2044534925074642
TXN_89348DC7,2024-04-26 01:56:00,100.57,EUR,CHANNEL_004,New .com,DIGITAL_WALLET,2024-04-29,2024-05-03,MATCHED,1.8,REF_761282,4,False,,,1,4,False,False,413.8197789891696,956.7559280432754,0.32740824468139684
TXN_A2E817BA,2024-04-26 02:16:00,100.88,EUR,CHANNEL_006,FLY,DIGITAL_WALLET,2024-04-27,2024-04-27,MATCHED,2.84,REF_219710,0,False,,,2,4,False,False,371.08757800219786,994.9815597278657,0.2715704380251042
TXN_F3D74A74,2024-04-26 04:38:00,166.62,USD,CHANNEL_009,ANDC,CARD,2024-04-28,2024-04-28,UNMATCHED,4.77,REF_875232,0,False,,,4,4,False,False,585.2624009644618,1888.243275053581,0.22170999176606748
TXN_19163C14,2024-04-26 16:27:00,691.34,USD,CHANNEL_009,ANDC,AMOP,2024-04-27,2024-04-27,MATCHED,11.83,REF_622355,0,False,,,16,4,False,True,585.2624009644618,1888.243275053581,0.05617793026829563
TXN_1CE4FD38,2024-04-26 22:25:00,117.31,EUR,CHANNEL_003,Staff Travel,CARD,2024-04-29,2024-04-29,MATCHED,1.46,REF_954643,0,False,,,22,4,False,False,495.366892976174,1638.3171994323789,0.2307592773286869
TXN_BAB11298,2024-04-26 23:33:00,140.66,USD,CHANNEL_010,PBL,DIGITAL_WALLET,2024-04-29,2024-04-29,MATCHED,2.63,REF_613989,0,False,,,23,4,False,False,385.4075653356448,1550.0644555145593,0.15789508911382552
TXN_63673119,2024-04-27 17:21:00,202.92,EUR,CHANNEL_009,ANDC,AMOP,2024-04-30,2024-04-30,MATCHED,5.16,REF_377203,0,False,,,17,5,True,True,585.2624009644618,1888.243275053581,0.2024857739549542
TXN_6A3ADAF2,2024-04-27 22:42:00,449.53,EUR,CHANNEL_008,Contact Center,AMOP,2024-04-30,2024-04-30,MATCHED,13.08,REF_145976,0,False,,,22,5,True,False,306.0762376237624,215.62196186312508,0.6653021850682389
TXN_1AA66943,2024-04-28 02:05:00,215.52,GBP,CHANNEL_009,ANDC,DIGITAL_WALLET,2024-04-30,2024-04-30,MATCHED,5.23,REF_982442,0,False,,,2,6,True,False,585.2624009644618,1888.243275053581,0.19581290496266693
TXN_06F79430,2024-04-28 05:20:00,143.44,EUR,CHANNEL_006,FLY,DIGITAL_WALLET,2024-04-30,2024-04-30,MATCHED,2.82,REF_769102,0,False,,,5,6,True,False,371.08757800219786,994.9815597278657,0.22879577593826064
TXN_E73E1453,2024-04-28 08:54:00,163.3,GBP,CHANNEL_002,Mobile App,CARD,2024-04-30,2024-04-30,MATCHED,4.27,REF_142288,0,False,,,8,6,True,False,289.71385321100917,220.87662228085722,0.5723278991937261
TXN_8A7B5C54,2024-04-28 09:49:00,207.91,EUR,CHANNEL_007,Airlines Holidays,DIGITAL_WALLET,2024-04-29,2024-04-29,MATCHED,3.82,REF_245121,0,False,,,9,6,True,True,289.37843749999996,201.46105413533996,0.4043880235296997
TXN_0F071854,2024-04-28 13:59:00,181.69,USD,CHANNEL_001,Airlines.com,DIGITAL_WALLET,2024-05-01,2024-05-01,MATCHED,3.87,REF_318379,0,False,,,13,6,True,True,529.5399166114732,1898.670997744395,0.18320705220900094
TXN_2054F80C,2024-04-28 21:51:00,136.25,GBP,CHANNEL_005,NDC,DIGITAL_WALLET,2024-04-29,2024-04-29,MATCHED,2.44,REF_147489,0,False,,,21,6,True,False,241.44414893617022,171.1966887643904,0.614463689078378
TXN_9FEFEBB5,2024-04-28 22:50:00,569.3,GBP,CHANNEL_001,Airlines.com,AMOP,2024-04-29,2024-04-29,MATCHED,15.3,REF_174852,0,False,,,22,6,True,False,529.5399166114732,1898.670997744395,0.020941007386620088
TXN_93B6A7E1,2024-04-29 06:18:00,499.33,EUR,CHANNEL_008,Contact Center,AMOP,2024-05-01,2024-05-01,MATCHED,7.61,REF_118528,0,False,,,6,0,False,False,306.0762376237624,215.62196186312508,0.8962619610098594
TXN_1E4F0BDF,2024-04-29 08:55:00,15259.68870688626,GBP,CHANNEL_010,PBL,DIGITAL_WALLET,2024-04-30,2024-04-30,MATCHED,381.4922176721565,REF_667915,0,True,high_amount,Unusually high transaction amount detected.,8,0,False,False,385.4075653356448,1550.0644555145593,9.595911375577572
TXN_3B013C12,2024-04-29 09:43:00,197.7,GBP,CHANNEL_009,ANDC,CARD,2024-05-01,2024-05-01,MATCHED,3.72,REF_544920,0,False,,,9,0,False,True,585.2624009644618,1888.243275053581,0.20525024825175892
TXN_EDDCB5F1,2024-04-29 15:56:00,509.4,GBP,CHANNEL_005,NDC,AMOP,2024-05-01,2024-05-01,UNMATCHED,6.01,REF_325595,0,False,,,15,0,False,True,241.44414893617022,171.1966887643904,1.5651929543602578
TXN_0D3947C4,2024-04-29 18:08:00,139.85,USD,CHANNEL_002,Mobile App,DIGITAL_WALLET,2024-05-01,2024-05-01,MATCHED,1.67,REF_588003,0,False,,,18,0,False,False,289.71385321100917,220.87662228085722,0.6784957668378717
TXN_E149DDAB,2024-04-30 00:55:00,96.88,GBP,CHANNEL_008,Contact Center,DIGITAL_WALLET,2024-05-03,2024-05-03,MATCHED,1.36,REF_450067,0,False,,,0,1,False,False,306.0762376237624,215.62196186312508,0.9701991198677541
TXN_F8D29882,2024-04-30 06:09:00,187.4,GBP,CHANNEL_004,New .com,CARD,2024-05-03,2024-05-03,MATCHED,5.1,REF_536019,0,False,,,6,1,False,False,413.8197789891696,956.7559280432754,0.23665364629852423
TXN_362305AD,2024-04-30 06:32:00,121.7,USD,CHANNEL_002,Mobile App,DIGITAL_WALLET,2024-05-02,2024-05-02,MATCHED,2.51,REF_244037,0,False,,,6,1,False,False,289.71385321100917,220.87662228085722,0.760668338170121
TXN_9607770A,2024-04-30 07:14:00,84.35,USD,CHANNEL_003,Staff Travel,DIGITAL_WALLET,2024-05-02,2024-05-02,MATCHED,2.38,REF_446373,0,False,,,7,1,False,False,495.366892976174,1638.3171994323789,0.25087748155154405
TXN_BA5E618F,2024-04-30 10:58:00,402.57,USD,CHANNEL_004,New .com,AMOP,2024-05-03,2024-05-03,MATCHED,7.36,REF_117007,0,False,,,10,1,False,True,413.8197789891696,956.7559280432754,0.011758253760891011
TXN_EBE33E15,2024-04-30 11:24:00,159.9,GBP,CHANNEL_003,Staff Travel,CARD,2024-05-03,2024-05-03,MATCHED,3.37,REF_437433,0,False,,,11,1,False,True,495.366892976174,1638.3171994323789,0.20476309050066852
TXN_B668F4E5,2024-04-30 14:39:00,133.93,GBP,CHANNEL_001,Airlines.com,CARD,2024-05-01,2024-05-01,MATCHED,2.02,REF_653408,0,False,,,14,1,False,True,529.5399166114732,1898.670997744395,0.20836148921085035
TXN_5B0154B1,2024-04-30 19:21:00,176.14,USD,CHANNEL_006,FLY,CARD,2024-05-02,2024-05-02,MATCHED,3.25,REF_995825,0,False,,,19,1,False,False,371.08757800219786,994.9815597278657,0.1959308452465364
TXN_289F7A4B,2024-05-01 06:28:00,721.94,EUR,CHANNEL_002,Mobile App,AMOP,2024-05-04,2024-05-04,MATCHED,14.82,REF_376502,0,False,,,6,2,False,False,289.71385321100917,220.87662228085722,1.9568668803681302
TXN_085839CA,2024-05-01 08:41:00,253.04,GBP,CHANNEL_010,PBL,DIGITAL_WALLET,2024-05-04,2024-05-04,MATCHED,6.18,REF_856215,0,False,,,8,2,False,False,385.4075653356448,1550.0644555145593,0.08539487817085907
TXN_5EBC4426,2024-05-01 10:18:00,230.77,GBP,CHANNEL_009,ANDC,CARD,2024-05-04,2024-05-16,UNMATCHED,3.54,REF_797298,26,True,settlement_delay,Excessive settlement delay detected.,10,2,False,True,585.2624009644618,1888.243275053581,0.18773661511089065
TXN_6FD32516,2024-05-01 11:44:00,186.12,USD,CHANNEL_010,PBL,CARD,2024-05-02,2024-05-02,MATCHED,4.37,REF_498055,0,False,,,11,2,False,True,385.4075653356448,1550.0644555145593,0.12856727642947552
TXN_C6DF1A62,2024-05-01 17:52:00,210.33,EUR,CHANNEL_001,Airlines.com,CARD,2024-05-02,2024-05-02,MATCHED,3.56,REF_751303,0,False,,,17,2,False,True,529.5399166114732,1898.670997744395,0.16812281695496054
TXN_F77B31DC,2024-05-01 18:35:00,694.51,GBP,CHANNEL_006,FLY,AMOP,2024-05-03,2024-05-03,MATCHED,18.58,REF_398916,0,False,,,18,2,False,False,371.08757800219786,994.9815597278657,0.32505368449869604
TXN_2802E380,2024-05-01 21:23:00,213.13,EUR,CHANNEL_003,Staff Travel,CARD,2024-05-02,2024-05-02,MATCHED,4.23,REF_809381,0,False,,,21,2,False,False,495.366892976174,1638.3171994323789,0.17227243483371807
TXN_B8C4EB31,2024-05-01 22:08:00,178.96,EUR,CHANNEL_004,New .com,CARD,2024-05-03,2024-05-03,MATCHED,2.76,REF_740195,0,False,,,22,2,False,False,413.8197789891696,956.7559280432754,0.24547512286597148
TXN_65B8A260,2024-05-01 22:38:00,430.15,GBP,CHANNEL_003,Staff Travel,AMOP,2024-05-03,2024-05-03,MATCHED,6.44,REF_896456,0,False,,,22,2,False,False,495.366892976174,1638.3171994323789,0.039807244286252645
TXN_92CEB5D0,2024-05-01 22:52:00,1020.34,EUR,CHANNEL_002,Mobile App,AMOP,2024-05-02,2024-05-02,MATCHED,25.16,REF_161352,0,False,,,22,2,False,False,289.71385321100917,220.87662228085722,3.307847336871885
TXN_BD0344B1,2024-05-02 09:00:00,734.55,EUR,CHANNEL_007,Airlines Holidays,AMOP,2024-05-03,2024-05-03,MATCHED,10.74,REF_687783,0,False,,,9,3,False,True,289.37843749999996,201.46105413533996,2.209715244520349
TXN_863CE219,2024-05-02 09:09:00,243.66,USD,CHANNEL_003,Staff Travel,DIGITAL_WALLET,2024-05-05,2024-05-05,MATCHED,6.54,REF_677759,0,False,,,9,3,False,True,495.366892976174,1638.3171994323789,0.1536374598663689
TXN_144FE5CB,2024-05-02 15:51:00,90.62,GBP,CHANNEL_001,Airlines.com,DIGITAL_WALLET,2024-05-05,2024-05-05,MATCHED,1.78,REF_451387,0,False,,,15,3,False,True,529.5399166114732,1898.670997744395,0.23117218155905175
TXN_756AC762,2024-05-02 20:11:00,223.77,EUR,CHANNEL_003,Staff Travel,CARD,2024-05-04,2024-05-06,MATCHED,5.71,REF_309159,2,False,,,20,3,False,False,495.366892976174,1638.3171994323789,0.16577796599478603
TXN_54AC0F58,2024-05-03 00:48:00,375.83,GBP,CHANNEL_007,Airlines Holidays,AMOP,2024-05-05,2024-05-05,MATCHED,9.46,REF_861945,0,False,,,0,4,False,False,289.37843749999996,201.46105413533996,0.42912295317348303
TXN_D9E9591A,2024-05-03 03:16:00,370.61,EUR,CHANNEL_002,Mobile App,AMOP,2024-05-04,2024-05-04,MATCHED,9.55,REF_431067,0,False,,,3,4,False,False,289.71385321100917,220.87662228085722,0.3662503797533031
TXN_20393417,2024-05-03 20:19:00,414.38,GBP,CHANNEL_004,New .com,AMOP,2024-05-04,2024-05-04,MATCHED,11.3,REF_555251,0,False,,,20,4,False,False,413.8197789891696,956.7559280432754,0.0005855422416625463
TXN_DD6DCBDE,2024-05-03 23:55:00,1015.94,USD,CHANNEL_009,ANDC,AMOP,2024-05-04,2024-05-04,MATCHED,13.07,REF_809589,0,True,duplicate,Duplicate transaction detected.,23,4,False,False,585.2624009644618,1888.243275053581,0.22808374573626763
TXN_9326920F,2024-05-03 23:55:00,1015.94,USD,CHANNEL_009,ANDC,AMOP,2024-05-04,2024-05-04,MATCHED,13.07,REF_809589,0,True,duplicate,Duplicate transaction detected.,23,4,False,False,585.2624009644618,1888.243275053581,0.22808374573626763
TXN_4675E3AC,2024-05-04 02:00:00,159.17,GBP,CHANNEL_001,Airlines.com,CARD,2024-05-07,2024-05-07,MATCHED,3.84,REF_946632,0,False,,,2,5,True,False,529.5399166114732,1898.670997744395,0.19506798020903549
TXN_CF230578,2024-05-04 06:14:00,166.21,GBP,CHANNEL_003,Staff Travel,CARD,2024-05-05,2024-05-05,MATCHED,2.65,REF_874524,0,False,,,6,5,True,False,495.366892976174,1638.3171994323789,0.20091157749562513
TXN_17D49DA5,2024-05-04 10:57:00,186.29,GBP,CHANNEL_001,Airlines.com,CARD,2024-05-06,2024-05-08,MATCHED,4.2,REF_100708,2,False,,,10,5,True,True,529.5399166114732,1898.670997744395,0.18078430492657827
TXN_29DE07D0,2024-05-04 12:31:00,209.37,EUR,CHANNEL_009,ANDC,DIGITAL_WALLET,2024-05-07,2024-05-07,MATCHED,4.65,REF_343170,0,False,,,12,5,True,True,585.2624009644618,1888.243275053581,0.1990699005422357
TXN_66A7D690,2024-05-04 17:06:00,77.6,EUR,CHANNEL_003,Staff Travel,DIGITAL_WALLET,2024-05-06,2024-05-06,MATCHED,0.9,REF_664781,0,False,,,17,5,True,True,495.366892976174,1638.3171994323789,0.254997562816844
TXN_29102081,2024-05-04 22:28:00,547.76,EUR,CHANNEL_009,ANDC,AMOP,2024-05-05,2024-05-05,MATCHED,13.11,REF_439403,0,False,,,22,5,True,False,585.2624009644618,1888.243275053581,0.019861000677149306
TXN_A358FB1E,2024-05-05 02:57:00,384.84,GBP,CHANNEL_009,ANDC,AMOP,2024-05-08,2024-05-08,MATCHED,7.34,REF_685941,0,False,,,2,6,True,False,585.2624009644618,1888.243275053581,0.10614225593297802
TXN_BCF9BFA5,2024-05-05 03:50:00,476.39,USD,CHANNEL_007,Airlines Holidays,AMOP,2024-05-08,2024-05-09,MATCHED,7.0,REF_373477,1,False,,,3,6,True,False,289.37843749999996,201.46105413533996,0.9282765013944935
TXN_1C7AEA77,2024-05-05 04:28:00,577.06,USD,CHANNEL_009,ANDC,AMOP,2024-05-08,2024-05-08,MATCHED,9.61,REF_297816,0,False,,,4,6,True,False,585.2624009644618,1888.243275053581,0.004343932306195605
TXN_70B8650F,2024-05-05 07:22:00,423.09,USD,CHANNEL_009,ANDC,AMOP,2024-05-08,2024-05-08,MATCHED,5.8,REF_748665,0,False,,,7,6,True,False,585.2624009644618,1888.243275053581,0.08588533220639168
TXN_A6A0AA98,2024-05-05 09:08:00,404.47,USD,CHANNEL_003,Staff Travel,AMOP,2024-05-07,2024-05-07,MATCHED,9.06,REF_304607,0,False,,,9,6,True,True,495.366892976174,1638.3171994323789,0.05548186456668258
TXN_94DA8D27,2024-05-05 15:47:00,676.81,EUR,CHANNEL_007,Airlines Holidays,AMOP,2024-05-06,2024-05-06,MATCHED,12.49,REF_630930,0,False,,,15,6,True,True,289.37843749999996,201.46105413533996,1.9231089808540687
TXN_15B42B2B,2024-05-06 03:06:00,257.2,GBP,CHANNEL_004,New .com,DIGITAL_WALLET,2024-05-08,2024-05-08,MATCHED,4.57,REF_666432,0,False,,,3,0,False,False,413.8197789891696,956.7559280432754,0.16369878084736098
TXN_B4D090DA,2024-05-06 09:42:00,181.28,GBP,CHANNEL_007,Airlines Holidays,DIGITAL_WALLET,2024-05-08,2024-05-08,MATCHED,3.46,REF_910075,0,False,,,9,0,False,True,289.37843749999996,201.46105413533996,0.5365723810190146
TXN_604EC300,2024-05-06 09:45:00,193.12,USD,CHANNEL_007,Airlines Holidays,CARD,2024-05-09,2024-05-09,MATCHED,2.52,REF_949785,0,False,,,9,0,False,True,289.37843749999996,201.46105413533996,0.4778017166302242
TXN_017A3CD8,2024-05-06 11:02:00,179.61,EUR,CHANNEL_005,NDC,AMOP,2024-05-07,2024-05-11,MATCHED,4.34,REF_390819,4,False,,,11,0,False,True,241.44414893617022,171.1966887643904,0.3611877623478426
TXN_1D56F479,2024-05-06 11:45:00,161.23,EUR,CHANNEL_005,NDC,DIGITAL_WALLET,2024-05-08,2024-05-08,MATCHED,1.74,REF_579142,0,False,,,11,0,False,True,241.44414893617022,171.1966887643904,0.468549651953637
TXN_58D97B9C,2024-05-06 17:32:00,103.81,GBP,CHANNEL_002,Mobile App,DIGITAL_WALLET,2024-05-09,2024-05-09,MATCHED,1.59,REF_962570,0,False,,,17,0,False,True,289.71385321100917,220.87662228085722,0.8416637817587677
TXN_26810E77,2024-05-07 05:10:00,127.84,EUR,CHANNEL_001,Airlines.com,CARD,2024-05-08,2024-05-08,MATCHED,2.21,REF_944264,0,False,,,5,1,False,False,529.5399166114732,1898.670997744395,0.21156899593910125
TXN_E8C9BD5B,2024-05-07 08:48:00,227.11,USD,CHANNEL_010,PBL,DIGITAL_WALLET,2024-05-10,2024-05-10,MATCHED,5.71,REF_799061,0,False,,,8,1,False,False,385.4075653356448,1550.0644555145593,0.10212321479437855
TXN_395C1B68,2024-05-07 17:53:00,209.53,GBP,CHANNEL_008,Contact Center,CARD,2024-05-09,2024-05-09,MATCHED,3.52,REF_223928,0,False,,,17,1,False,True,306.0762376237624,215.62196186312508,0.4477569760961969
TXN_02B609FF,2024-05-07 19:51:00,91.49,GBP,CHANNEL_010,PBL,CARD,2024-05-09,2024-05-09,MATCHED,2.39,REF_873774,0,False,,,19,1,False,False,385.4075653356448,1550.0644555145593,0.1896163506556093
TXN_24471229,2024-05-07 20:28:00,185.7,USD,CHANNEL_001,Airlines.com,CARD,2024-05-09,2024-05-09,MATCHED,3.9,REF_227324,0,False,,,20,1,False,False,529.5399166114732,1898.670997744395,0.18109504859975856
TXN_94947A4C,2024-05-08 16:34:00,546.64,GBP,CHANNEL_002,Mobile App,AMOP,2024-05-09,2024-05-09,MATCHED,6.54,REF_449970,0,False,,,16,2,False,True,289.71385321100917,220.87662228085722,1.1632111363161584
TXN_A0E9CAAD,2024-05-08 17:42:00,282.22,USD,CHANNEL_007,Airlines Holidays,DIGITAL_WALLET,2024-05-11,2024-05-11,MATCHED,6.96,REF_700426,0,False,,,17,2,False,True,289.37843749999996,201.46105413533996,0.03553261215039087
TXN_44848973,2024-05-08 17:44:00,148.34,GBP,CHANNEL_006,FLY,DIGITAL_WALLET,2024-05-11,2024-05-11,MATCHED,3.74,REF_799565,0,False,,,17,2,False,True,371.08757800219786,994.9815597278657,0.2238710615532622
TXN_6F05F7D4,2024-05-08 18:45:00,178.05,GBP,CHANNEL_001,Airlines.com,CARD,2024-05-09,2024-05-09,MATCHED,3.98,REF_894029,0,False,,,18,2,False,False,529.5399166114732,1898.670997744395,0.18512418266726582
TXN_7DC25B0E,2024-05-08 19:30:00,187.95,USD,CHANNEL_006,FLY,CARD,2024-05-09,2024-05-09,MATCHED,3.73,REF_528436,0,False,,,19,2,False,False,371.08757800219786,994.9815597278657,0.18406127853493812
TXN_90116336,2024-05-08 21:21:00,138.68,USD,CHANNEL_003,Staff Travel,DIGITAL_WALLET,2024-05-10,2024-05-10,MATCHED,2.39,REF_925386,0,False,,,21,2,False,False,495.366892976174,1638.3171994323789,0.21771540523395216
TXN_3A0BF43A,2024-05-08 22:43:00,552.06,GBP,CHANNEL_008,Contact Center,AMOP,2024-05-09,2024-05-09,MATCHED,5.6,REF_734229,0,False,,,22,2,False,False,306.0762376237624,215.62196186312508,1.1408103342106954
TXN_26B27F38,2024-05-09 01:25:00,461.27,EUR,CHANNEL_005,NDC,AMOP,2024-05-12,2024-05-12,MATCHED,13.57,REF_398254,0,False,,,1,3,False,False,241.44414893617022,171.1966887643904,1.2840543391955748
TXN_2FF1B6A8,2024-05-09 01:29:00,139.25,EUR,CHANNEL_001,Airlines.com,CARD,2024-05-12,2024-05-12,MATCHED,3.33,REF_518740,0,False,,,1,3,False,False,529.5399166114732,1898.670997744395,0.20555952931030935
TXN_2FC403D4,2024-05-09 02:19:00,387.96,GBP,CHANNEL_008,Contact Center,AMOP,2024-05-11,2024-05-11,MATCHED,4.32,REF_996840,0,False,,,2,3,False,False,306.0762376237624,215.62196186312508,0.3797561327645126
TXN_EE1D75A9,2024-05-09 03:55:00,119.97,EUR,CHANNEL_005,NDC,DIGITAL_WALLET,2024-05-10,2024-05-10,MATCHED,2.66,REF_916449,0,False,,,3,3,False,False,241.44414893617022,171.1966887643904,0.70955898629178
TXN_27AD8792,2024-05-09 07:29:00,313.35,GBP,CHANNEL_004,New .com,AMOP,2024-05-10,2024-05-10,UNMATCHED,4.35,REF_597457,0,False,,,7,3,False,False,413.8197789891696,956.7559280432754,0.10501087690634638
TXN_0759D1C2,2024-05-09 14:17:00,197.76,USD,CHANNEL_004,New .com,CARD,2024-05-11,2024-05-11,MATCHED,2.62,REF_114768,0,False,,,14,3,False,True,413.8197789891696,956.7559280432754,0.2258253883318473
TXN_8F821AE9,2024-05-09 20:21:00,809.99,USD,CHANNEL_001,Airlines.com,AMOP,2024-05-11,2024-05-11,MATCHED,9.81,REF_841666,0,False,,,20,3,False,False,529.5399166114732,1898.670997744395,0.14770862551842792
TXN_A60DE860,2024-05-10 08:25:00,236.8,GBP,CHANNEL_004,New .com,DIGITAL_WALLET,2024-05-12,2024-05-12,MATCHED,2.62,REF_626883,0,False,,,8,4,False,False,413.8197789891696,956.7559280432754,0.1850208332141766
TXN_4C1BEB43,2024-05-10 12:54:00,436.72,GBP,CHANNEL_003,Staff Travel,AMOP,2024-05-13,2024-05-13,MATCHED,7.59,REF_687234,0,False,,,12,4,False,True,495.366892976174,1638.3171994323789,0.03579703185469401
TXN_362881FC,2024-05-10 15:50:00,164.81,GBP,CHANNEL_003,Staff Travel,DIGITAL_WALLET,2024-05-13,2024-05-13,MATCHED,2.58,REF_958179,0,False,,,15,4,False,True,495.366892976174,1638.3171994323789,0.20176611286916885
TXN_396ADB9F,2024-05-11 15:36:00,667.7,USD,CHANNEL_006,FLY,AMOP,2024-05-13,2024-05-13,MATCHED,19.5,REF_726667,0,False,,,15,5,True,True,371.08757800219786,994.9815597278657,0.29810846150649034
TXN_6B0029C9,2024-05-11 18:03:00,150.73,USD,CHANNEL_008,Contact Center,CARD,2024-05-13,2024-05-13,MATCHED,1.64,REF_920375,0,False,,,18,5,True,False,306.0762376237624,215.62196186312508,0.7204564705814838
TXN_3F6553D4,2024-05-11 19:42:00,62.38,GBP,CHANNEL_002,Mobile App,DIGITAL_WALLET,2024-05-13,2024-05-13,UNMATCHED,1.78,REF_892476,0,False,,,19,5,True,False,289.71385321100917,220.87662228085722,1.0292345602874224
TXN_3429B078,2024-05-11 21:23:00,210.02,USD,CHANNEL_001,Airlines.com,CARD,2024-05-14,2024-05-17,MATCHED,3.64,REF_685934,3,False,,,21,5,True,False,529.5399166114732,1898.670997744395,0.16828608905442818
TXN_B9D5E462,2024-05-11 21:52:00,87.77,USD,CHANNEL_002,Mobile App,CARD,2024-05-13,2024-05-13,MATCHED,2.49,REF_239136,0,False,,,21,5,True,False,289.71385321100917,220.87662228085722,0.914283508710243
TXN_E9F9D165,2024-05-12 03:06:00,205.41,USD,CHANNEL_004,New .com,DIGITAL_WALLET,2024-05-15,2024-05-15,MATCHED,2.83,REF_287588,0,False,,,3,6,True,False,413.8197789891696,956.7559280432754,0.21782961869429143
TXN_C778CD13,2024-05-12 05:36:00,166.16,EUR,CHANNEL_008,Contact Center,CARD,2024-05-15,2024-05-15,MATCHED,4.86,REF_768914,0,False,,,5,6,True,False,306.0762376237624,215.62196186312508,0.6488960420116202
TXN_31344439,2024-05-12 16:44:00,169.12,USD,CHANNEL_010,PBL,CARD,2024-05-13,2024-05-13,MATCHED,3.93,REF_772561,0,False,,,16,6,True,True,385.4075653356448,1550.0644555145593,0.13953456229911806
TXN_826A5E41,2024-05-12 18:42:00,160.66,GBP,CHANNEL_003,Staff Travel,CARD,2024-05-15,2024-05-15,MATCHED,3.24,REF_304899,0,False,,,18,6,True,False,495.366892976174,1638.3171994323789,0.20429919986931624
TXN_97C912EA,2024-05-12 21:23:00,413.68,GBP,CHANNEL_001,Airlines.com,AMOP,2024-05-15,2024-05-15,MATCHED,10.51,REF_188896,0,False,,,21,6,True,False,529.5399166114732,1898.670997744395,0.06102158654612296
TXN_6B5C3F4E,2024-05-13 17:43:00,602.65,USD,CHANNEL_004,New .com,AMOP,2024-05-16,2024-05-16,MATCHED,6.87,REF_795612,0,False,,,17,0,False,True,413.8197789891696,956.7559280432754,0.19736509121717125
TXN_E9CA9A43,2024-05-13 19:25:00,158.89,GBP,CHANNEL_010,PBL,CARD,2024-05-16,2024-05-16,MATCHED,3.21,REF_688730,0,False,,,19,0,False,False,385.4075653356448,1550.0644555145593,0.1461342878547912
TXN_DDDEEA4F,2024-05-14 01:42:00,154.85,GBP,CHANNEL_006,FLY,DIGITAL_WALLET,2024-05-15,2024-05-15,MATCHED,3.4,REF_908554,0,False,,,1,1,False,False,371.08757800219786,994.9815597278657,0.21732822672747856
TXN_FCDEA1A8,2024-05-14 07:15:00,692.82,USD,CHANNEL_002,Mobile App,AMOP,2024-05-17,2024-05-17,MATCHED,11.41,REF_544114,0,False,,,7,1,False,False,289.71385321100917,220.87662228085722,1.8250285730846538
TXN_978CB2E0,2024-05-14 08:31:00,211.35,EUR,CHANNEL_002,Mobile App,CARD,2024-05-16,2024-05-16,MATCHED,2.63,REF_508892,0,False,,,8,1,False,False,289.71385321100917,220.87662228085722,0.35478563734719315
TXN_3EA7E33A,2024-05-14 11:04:00,122.75,EUR,CHANNEL_006,FLY,DIGITAL_WALLET,2024-05-15,2024-05-15,MATCHED,2.2,REF_265154,0,False,,,11,1,False,True,371.08757800219786,994.9815597278657,0.2495901311679785
TXN_0A844C7F,2024-05-15 00:38:00,870.46,GBP,CHANNEL_006,FLY,AMOP,2024-05-17,2024-05-17,MATCHED,10.65,REF_422451,0,False,,,0,2,False,False,371.08757800219786,994.9815597278657,0.5018911326702216
TXN_05F33010,2024-05-15 09:29:00,213.35,USD,CHANNEL_009,ANDC,DIGITAL_WALLET,2024-05-18,2024-05-18,MATCHED,2.56,REF_906315,0,False,,,9,2,False,True,585.2624009644618,1888.243275053581,0.19696212128911636
TXN_50C01CA8,2024-05-15 16:58:00,204.45,USD,CHANNEL_005,NDC,CARD,2024-05-17,2024-05-17,MATCHED,5.78,REF_455168,0,False,,,16,2,False,True,241.44414893617022,171.1966887643904,0.21609149804926114
TXN_94DC25F3,2024-05-15 18:00:00,152.79,GBP,CHANNEL_010,PBL,DIGITAL_WALLET,2024-05-18,2024-05-18,MATCHED,2.87,REF_531709,0,False,,,18,2,False,False,385.4075653356448,1550.0644555145593,0.15006960807860412
TXN_3780CC89,2024-05-15 21:02:00,185.15,EUR,CHANNEL_002,Mobile App,DIGITAL_WALLET,2024-05-17,2024-05-17,MATCHED,3.16,REF_385831,0,False,,,21,2,False,False,289.71385321100917,220.87662228085722,0.47340389458713406
TXN_82E9888D,2024-05-16 00:00:00,133.26,GBP,CHANNEL_007,Airlines Holidays,CARD,2024-05-18,2024-05-18,MATCHED,1.79,REF_789666,0,False,,,0,3,False,False,289.37843749999996,201.46105413533996,0.7749311060147676
TXN_8A319952,2024-05-16 02:32:00,197.52,EUR,CHANNEL_003,Staff Travel,DIGITAL_WALLET,2024-05-19,2024-05-19,MATCHED,2.58,REF_454019,0,False,,,2,3,False,False,495.366892976174,1638.3171994323789,0.18180050424873023
TXN_39ECDAF4,2024-05-16 07:24:00,498.18,USD,CHANNEL_007,Airlines Holidays,AMOP,2024-05-18,2024-05-22,MATCHED,6.43,REF_431023,4,False,,,7,3,False,False,289.37843749999996,201.46105413533996,1.0364363643194718
TXN_C7EB3F4F,2024-05-16 07:54:00,445.78,GBP,CHANNEL_008,Contact Center,AMOP,2024-05-18,2024-05-18,MATCHED,12.57,REF_415504,0,False,,,7,3,False,False,306.0762376237624,215.62196186312508,0.6479106356750446
TXN_89B947ED,2024-05-16 09:07:00,106.73,USD,CHANNEL_001,Airlines.com,AMOP,2024-05-18,2024-05-18,MATCHED,2.71,REF_874368,0,False,,,9,3,False,True,529.5399166114732,1898.670997744395,0.22268729922865405
TXN_281D74BC,2024-05-16 19:54:00,126.7,EUR,CHANNEL_007,Airlines Holidays,DIGITAL_WALLET,2024-05-19,2024-05-19,MATCHED,2.86,REF_352050,0,False,,,19,3,False,False,289.37843749999996,201.46105413533996,0.8074932308788272
TXN_652189A5,2024-05-16 20:50:00,171.48,USD,CHANNEL_008,Contact Center,DIGITAL_WALLET,2024-05-17,2024-05-17,MATCHED,3.45,REF_289934,0,False,,,20,3,False,False,306.0762376237624,215.62196186312508,0.6242232306058086
TXN_62C4D818,2024-05-16 22:35:00,617.72,USD,CHANNEL_002,Mobile App,AMOP,2024-05-17,2024-05-17,MATCHED,17.49,REF_602811,0,False,,,22,3,False,False,289.71385321100917,220.87662228085722,1.4850197517594792
TXN_C9C2C820,2024-05-17 13:36:00,94.01,USD,CHANNEL_006,FLY,DIGITAL_WALLET,2024-05-19,2024-05-19,MATCHED,2.8,REF_921861,0,False,,,13,4,False,True,371.08757800219786,994.9815597278657,0.2784750886016224
TXN_784A9CEC,2024-05-17 15:15:00,327.74,EUR,CHANNEL_004,New .com,AMOP,2024-05-19,2024-05-19,MATCHED,4.22,REF_536740,0,False,,,15,4,False,True,413.8197789891696,956.7559280432754,0.08997046839857792
TXN_F696BC33,2024-05-17 23:47:00,148.26,GBP,CHANNEL_009,ANDC,DIGITAL_WALLET,2024-05-19,2024-05-19,MATCHED,2.93,REF_452457,0,False,,,23,4,False,False,585.2624009644618,1888.243275053581,0.23143331515482896
TXN_7E00967B,2024-05-18 01:22:00,179.34,GBP,CHANNEL_004,New .com,DIGITAL_WALLET,2024-05-21,2024-05-22,MATCHED,4.6,REF_309044,1,False,,,1,5,True,False,413.8197789891696,956.7559280432754,0.2450779473807073
TXN_5B64E991,2024-05-18 01:54:00,362.16,EUR,CHANNEL_008,Contact Center,AMOP,2024-05-21,2024-05-21,MATCHED,5.91,REF_901387,0,False,,,1,5,True,False,306.0762376237624,215.62196186312508,0.2601022729393359
TXN_19228A70,2024-05-18 05:37:00,579.16,EUR,CHANNEL_010,PBL,AMOP,2024-05-21,2024-05-21,MATCHED,14.47,REF_659713,0,False,,,5,5,True,False,385.4075653356448,1550.0644555145593,0.12499637287666024
TXN_DDF2179C,2024-05-18 10:24:00,146.7,EUR,CHANNEL_003,Staff Travel,DIGITAL_WALLET,2024-05-21,2024-05-21,MATCHED,1.7,REF_558320,0,False,,,10,5,True,True,495.366892976174,1638.3171994323789,0.21282013830836616
TXN_F2DBA5C3,2024-05-19 09:40:00,537.32,EUR,CHANNEL_003,Staff Travel,AMOP,2024-05-22,2024-05-22,UNMATCHED,14.91,REF_111691,0,False,,,9,6,True,True,495.366892976174,1638.3171994323789,0.025607438558516875
TXN_C46BFEEA,2024-05-19 12:57:00,514.82,GBP,CHANNEL_007,Airlines Holidays,AMOP,2024-05-21,2024-05-21,MATCHED,8.14,REF_563864,0,False,,,12,6,True,True,289.37843749999996,201.46105413533996,1.119032973730745
TXN_07CCF777,2024-05-19 13:14:00,138.29,USD,CHANNEL_008,Contact Center,DIGITAL_WALLET,2024-05-20,2024-05-20,MATCHED,3.62,REF_543143,0,False,,,13,6,True,True,306.0762376237624,215.62196186312508,0.7781500371018404
TXN_E84F539A,2024-05-19 13:16:00,127.69,EUR,CHANNEL_004,New .com,CARD,2024-05-20,2024-05-20,MATCHED,3.18,REF_107543,0,False,,,13,6,True,True,413.8197789891696,956.7559280432754,0.2990624574172772
TXN_32B41B9D,2024-05-19 15:11:00,595.41,USD,CHANNEL_004,New .com,AMOP,2024-05-20,2024-05-20,MATCHED,15.82,REF_503489,0,False,,,15,6,True,True,413.8197789891696,956.7559280432754,0.18979785302424254
TXN_0152C391,2024-05-19 16:21:00,279.36,USD,CHANNEL_005,NDC,AMOP,2024-05-22,2024-05-22,MATCHED,8.21,REF_863933,0,False,,,16,6,True,True,241.44414893617022,171.1966887643904,0.22147537629078515
TXN_5F236C39,2024-05-20 02:21:00,159.79,USD,CHANNEL_010,PBL,DIGITAL_WALLET,2024-05-22,2024-05-22,MATCHED,3.85,REF_555292,0,False,,,2,0,False,False,385.4075653356448,1550.0644555145593,0.14555366683816306
TXN_90ACC17C,2024-05-20 14:10:00,182.26,USD,CHANNEL_008,Contact Center,CARD,2024-05-21,2024-05-21,MATCHED,4.24,REF_791792,0,False,,,14,0,False,True,306.0762376237624,215.62196186312508,0.574228323283506
TXN_B1606495,2024-05-20 19:44:00,149.82,USD,CHANNEL_001,Airlines.com,CARD,2024-05-21,2024-05-21,MATCHED,4.39,REF_594580,0,False,,,19,0,False,False,529.5399166114732,1898.670997744395,0.1999924774026555
TXN_F9DCD3CE,2024-05-21 03:23:00,129.46,EUR,CHANNEL_002,Mobile App,CARD,2024-05-23,2024-05-23,MATCHED,3.28,REF_317445,0,False,,,3,1,False,False,289.71385321100917,220.87662228085722,0.7255356024379856
TXN_748E93FE,2024-05-21 07:05:00,257.87,USD,CHANNEL_007,Airlines Holidays,DIGITAL_WALLET,2024-05-22,2024-05-22,MATCHED,7.03,REF_392731,0,False,,,7,1,False,False,289.37843749999996,201.46105413533996,0.15639964575402665
TXN_2F7F21D9,2024-05-21 09:44:00,164.65,USD,CHANNEL_003,Staff Travel,DIGITAL_WALLET,2024-05-22,2024-05-22,MATCHED,1.98,REF_561865,0,False,,,9,1,False,True,495.366892976174,1638.3171994323789,0.20186377405471673
TXN_6B5DA624,2024-05-21 17:09:00,159.7,GBP,CHANNEL_002,Mobile App,CARD,2024-05-23,2024-05-23,MATCHED,3.43,REF_419491,0,False,,,17,1,False,True,289.71385321100917,220.87662228085722,0.5886265910282219
TXN_C69B6904,2024-05-21 23:55:00,654.93,USD,CHANNEL_004,New .com,AMOP,2024-05-23,2024-05-23,MATCHED,18.18,REF_536196,0,False,,,23,1,False,False,413.8197789891696,956.7559280432754,0.25200807640036343
TXN_8917411F,2024-05-22 03:09:00,183.17,GBP,CHANNEL_005,NDC,AMOP,2024-05-24,2024-05-25,MATCHED,4.14,REF_397901,1,False,,,3,2,False,False,241.44414893617022,171.1966887643904,0.34039296762550175
TXN_099A01ED,2024-05-22 03:52:00,158.47,USD,CHANNEL_008,Contact Center,CARD,2024-05-23,2024-05-23,MATCHED,4.61,REF_725376,0,False,,,3,2,False,False,306.0762376237624,215.62196186312508,0.6845603126339307
TXN_5865AB6C,2024-05-22 11:07:00,128.0,GBP,CHANNEL_005,NDC,DIGITAL_WALLET,2024-05-25,2024-05-25,MATCHED,3.35,REF_743378,0,False,,,11,2,False,True,241.44414893617022,171.1966887643904,0.6626538734770615
TXN_7D2DF95F,2024-05-22 12:35:00,710.73,EUR,CHANNEL_006,FLY,AMOP,2024-05-23,2024-05-23,MATCHED,13.62,REF_647945,0,False,,,12,2,False,True,371.08757800219786,994.9815597278657,0.3413554941567929
TXN_70E054A8,2024-05-22 15:11:00,189.29,EUR,CHANNEL_006,FLY,DIGITAL_WALLET,2024-05-24,2024-05-24,MATCHED,3.72,REF_517469,0,False,,,15,2,False,True,371.08757800219786,994.9815597278657,0.18271451990720386
TXN_5922CD21,2024-05-22 16:08:00,226.16,USD,CHANNEL_007,Airlines Holidays,CARD,2024-05-25,2024-05-25,MATCHED,3.18,REF_489102,0,False,,,16,2,False,True,289.37843749999996,201.46105413533996,0.31379979505880234
TXN_7D04ED37,2024-05-22 21:45:00,180.58,GBP,CHANNEL_008,Contact Center,CARD,2024-05-23,2024-05-23,MATCHED,2.88,REF_884309,0,False,,,21,2,False,False,306.0762376237624,215.62196186312508,0.5820197374116569
TXN_8AB960C2,2024-05-22 21:55:00,184.82,GBP,CHANNEL_005,NDC,DIGITAL_WALLET,2024-05-23,2024-05-23,MATCHED,3.66,REF_901123,0,False,,,21,2,False,False,241.44414893617022,171.1966887643904,0.330754930745765
TXN_7549A5F5,2024-05-22 23:35:00,180.64,GBP,CHANNEL_007,Airlines Holidays,DIGITAL_WALLET,2024-05-25,2024-05-25,MATCHED,4.57,REF_797557,0,False,,,23,2,False,False,289.37843749999996,201.46105413533996,0.539749173688679
TXN_7D99D8CF,2024-05-23 03:16:00,151.23,USD,CHANNEL_005,NDC,DIGITAL_WALLET,2024-05-26,2024-05-26,MATCHED,2.16,REF_615060,0,False,,,3,3,False,False,241.44414893617022,171.1966887643904,0.526961996679314
TXN_754C0F17,2024-05-23 07:31:00,495.43,USD,CHANNEL_005,NDC,AMOP,2024-05-26,2024-05-26,MATCHED,12.58,REF_823659,0,False,,,7,3,False,False,241.44414893617022,171.1966887643904,1.4835909087784873
TXN_6C051E60,2024-05-23 10:42:00,250.44,USD,CHANNEL_002,Mobile App,AMOP,2024-05-25,2024-05-25,MATCHED,6.88,REF_401601,0,False,,,10,3,False,True,289.71385321100917,220.87662228085722,0.1778090085109606
TXN_D6BAD846,2024-05-24 00:50:00,398.0,GBP,CHANNEL_004,New .com,AMOP,2024-05-27,2024-05-27,MATCHED,6.17,REF_693127,0,False,,,0,4,False,False,413.8197789891696,956.7559280432754,0.016534811570515878
TXN_D61D651C,2024-05-24 01:52:00,174.6,GBP,CHANNEL_001,Airlines.com,CARD,2024-05-27,2024-05-27,MATCHED,5.06,REF_699929,0,False,,,1,4,False,False,529.5399166114732,1898.670997744395,0.18694124312908283
TXN_FEC10940,2024-05-24 02:19:00,700.21,EUR,CHANNEL_002,Mobile App,AMOP,2024-05-25,2024-05-25,UNMATCHED,8.72,REF_552945,0,False,,,2,4,False,False,289.71385321100917,220.87662228085722,1.8584861654893545
TXN_4C5D4E59,2024-05-24 06:37:00,128.37,EUR,CHANNEL_009,ANDC,CARD,2024-05-25,2024-05-25,MATCHED,3.25,REF_842776,0,False,,,6,4,False,False,585.2624009644618,1888.243275053581,0.24196691549265384
TXN_85E5A650,2024-05-24 17:13:00,193.5,EUR,CHANNEL_007,Airlines Holidays,DIGITAL_WALLET,2024-05-26,2024-05-26,MATCHED,2.92,REF_861594,0,False,,,17,4,False,True,289.37843749999996,201.46105413533996,0.475915495982611
TXN_9EBA3681,2024-05-25 04:12:00,369.73,USD,CHANNEL_003,Staff Travel,AMOP,2024-05-26,2024-05-26,MATCHED,7.79,REF_713635,0,False,,,4,5,True,False,495.366892976174,1638.3171994323789,0.07668654947875958
TXN_B0D6DF2C,2024-05-25 04:57:00,163.43,USD,CHANNEL_005,NDC,CARD,2024-05-27,2024-05-27,MATCHED,2.38,REF_149617,0,False,,,4,5,True,False,241.44414893617022,171.1966887643904,0.455698936113988
TXN_1C399737,2024-05-25 16:31:00,137.7,GBP,CHANNEL_003,Staff Travel,DIGITAL_WALLET,2024-05-28,2024-05-28,MATCHED,3.19,REF_284055,0,False,,,16,5,True,True,495.366892976174,1638.3171994323789,0.21831357999543274
TXN_018B4602,2024-05-25 19:03:00,207.93,GBP,CHANNEL_010,PBL,DIGITAL_WALLET,2024-05-26,2024-05-26,MATCHED,6.02,REF_185131,0,False,,,19,5,True,False,385.4075653356448,1550.0644555145593,0.11449689379318703
TXN_584DCD80,2024-05-25 19:05:00,159.95,GBP,CHANNEL_001,Airlines.com,CARD,2024-05-26,2024-05-26,MATCHED,4.01,REF_794093,0,False,,,19,5,True,False,529.5399166114732,1898.670997744395,0.19465716653940726
TXN_8278A14A,2024-05-25 19:14:00,192.67,GBP,CHANNEL_010,PBL,CARD,2024-05-27,2024-05-27,MATCHED,4.58,REF_240600,0,False,,,19,5,True,False,385.4075653356448,1550.0644555145593,0.12434164569734854
TXN_9DF6256C,2024-05-25 20:51:00,213.29,EUR,CHANNEL_010,PBL,DIGITAL_WALLET,2024-05-27,2024-05-27,MATCHED,5.83,REF_660453,0,False,,,20,5,True,False,385.4075653356448,1550.0644555145593,0.11103897307193504
TXN_0970C6F7,2024-05-26 00:26:00,228.08,USD,CHANNEL_001,Airlines.com,CARD,2024-05-29,2024-06-03,MATCHED,5.63,REF_949049,5,False,,,0,6,True,False,529.5399166114732,1898.670997744395,0.15877417254995996
TXN_E443A684,2024-05-26 05:59:00,588.39,EUR,CHANNEL_006,FLY,AMOP,2024-05-27,2024-05-27,MATCHED,6.88,REF_341358,0,False,,,5,6,True,False,371.08757800219786,994.9815597278657,0.21839844153215848
TXN_DA4FBF89,2024-05-26 12:54:00,147.15,GBP,CHANNEL_010,PBL,CARD,2024-05-29,2024-05-29,MATCHED,3.24,REF_620287,0,False,,,12,6,True,True,385.4075653356448,1550.0644555145593,0.15370816644947374
TXN_44BED1EB,2024-05-26 16:10:00,178.85,GBP,CHANNEL_007,Airlines Holidays,CARD,2024-05-28,2024-05-28,MATCHED,2.75,REF_555791,0,False,,,16,6,True,True,289.37843749999996,201.46105413533996,0.5486342656866464
TXN_DE606ABD,2024-05-26 20:12:00,148.95,USD,CHANNEL_006,FLY,DIGITAL_WALLET,2024-05-27,2024-05-27,MATCHED,2.98,REF_978053,0,False,,,20,6,True,False,371.08757800219786,994.9815597278657,0.2232579848645175
TXN_CB8815B8,2024-05-26 20:50:00,186.94,EUR,CHANNEL_005,NDC,DIGITAL_WALLET,2024-05-29,2024-05-29,UNMATCHED,2.33,REF_668154,0,False,,,20,6,True,False,241.44414893617022,171.1966887643904,0.31837151366392147
TXN_C849DF09,2024-05-26 23:37:00,527.31,USD,CHANNEL_001,Airlines.com,AMOP,2024-05-29,2024-05-29,MATCHED,13.41,REF_488414,0,False,,,23,6,True,False,529.5399166114732,1898.670997744395,0.0011744618283643779
TXN_566D5A53,2024-05-27 01:36:00,204.3,USD,CHANNEL_009,ANDC,CARD,2024-05-28,2024-05-28,MATCHED,4.1,REF_288474,0,False,,,1,0,False,False,585.2624009644618,1888.243275053581,0.20175493592246557
TXN_AC626AF7,2024-05-27 01:48:00,790.71,EUR,CHANNEL_003,Staff Travel,AMOP,2024-05-29,2024-05-29,MATCHED,18.21,REF_765620,0,False,,,1,0,False,False,495.366892976174,1638.3171994323789,0.18027223734582803
TXN_F0BB6195,2024-05-27 06:45:00,126.71,EUR,CHANNEL_002,Mobile App,CARD,2024-05-29,2024-06-18,UNMATCHED,1.84,REF_205907,13,True,settlement_delay,Excessive settlement delay detected.,6,0,False,False,289.71385321100917,220.87662228085722,0.7379859920337811
TXN_18FCDA22,2024-05-27 10:36:00,117.67,USD,CHANNEL_010,PBL,DIGITAL_WALLET,2024-05-28,2024-05-28,MATCHED,1.73,REF_533649,0,False,,,10,0,False,True,385.4075653356448,1550.0644555145593,0.17272673041635977
TXN_2019155E,2024-05-27 15:15:00,439.78,GBP,CHANNEL_008,Contact Center,AMOP,2024-05-30,2024-05-30,MATCHED,5.23,REF_589710,0,False,,,15,0,False,True,306.0762376237624,215.62196186312508,0.6200841566459336
TXN_5AC056E7,2024-05-27 21:21:00,143.51,GBP,CHANNEL_006,FLY,CARD,2024-05-28,2024-05-28,MATCHED,2.24,REF_660226,0,False,,,21,0,False,False,371.08757800219786,994.9815597278657,0.2287254228756178
TXN_ED411768,2024-05-28 11:22:00,143.95,EUR,CHANNEL_003,Staff Travel,DIGITAL_WALLET,2024-05-31,2024-05-31,MATCHED,3.2,REF_706217,0,False,,,11,1,False,True,495.366892976174,1638.3171994323789,0.21449868993496984
TXN_EC16AE89,2024-05-28 11:30:00,88.15,USD,CHANNEL_009,ANDC,DIGITAL_WALLET,2024-05-31,2024-05-31,MATCHED,1.63,REF_575786,0,False,,,11,1,False,True,585.2624009644618,1888.243275053581,0.26326713699025656
TXN_5247965C,2024-05-28 18:45:00,99.98,GBP,CHANNEL_009,ANDC,DIGITAL_WALLET,2024-05-30,2024-05-30,MATCHED,1.7,REF_700588,0,False,,,18,1,False,False,585.2624009644618,1888.243275053581,0.2570020544363868
TXN_3A6A6AD3,2024-05-28 22:13:00,643.79,USD,CHANNEL_004,New .com,AMOP,2024-05-31,2024-05-31,MATCHED,18.0,REF_166447,0,False,,,22,1,False,False,413.8197789891696,956.7559280432754,0.2403645634902494
TXN_FA83D93E,2024-05-28 22:36:00,429.7,USD,CHANNEL_004,New .com,AMOP,2024-05-31,2024-05-31,MATCHED,7.66,REF_461724,0,False,,,22,1,False,False,413.8197789891696,956.7559280432754,0.0165979854896829
TXN_5089B692,2024-05-29 01:29:00,110.27,USD,CHANNEL_009,ANDC,DIGITAL_WALLET,2024-05-31,2024-05-31,MATCHED,2.04,REF_621711,0,False,,,1,2,False,False,585.2624009644618,1888.243275053581,0.25155254475935224
TXN_0636FD1D,2024-05-29 01:44:00,815.49,EUR,CHANNEL_002,Mobile App,AMOP,2024-06-01,2024-06-01,MATCHED,9.89,REF_902448,0,False,,,1,2,False,False,289.71385321100917,220.87662228085722,2.380406497345095
TXN_A9353A83,2024-05-29 11:03:00,624.57,USD,CHANNEL_001,Airlines.com,AMOP,2024-06-01,2024-06-01,MATCHED,13.71,REF_108574,0,False,,,11,2,False,True,529.5399166114732,1898.670997744395,0.05005084266912053
TXN_F62F960A,2024-05-29 15:40:00,451.75,EUR,CHANNEL_007,Airlines Holidays,AMOP,2024-05-31,2024-05-31,MATCHED,12.93,REF_270753,0,False,,,15,2,False,True,289.37843749999996,201.46105413533996,0.8059699836124162
TXN_B7A73420,2024-05-29 18:16:00,172.21,GBP,CHANNEL_002,Mobile App,CARD,2024-06-01,2024-06-01,MATCHED,2.4,REF_988432,0,False,,,18,2,False,False,289.71385321100917,220.87662228085722,0.5319886369033492
TXN_06473C0D,2024-05-29 20:02:00,138.76,GBP,CHANNEL_004,New .com,CARD,2024-05-30,2024-05-30,MATCHED,2.64,REF_495400,0,False,,,20,2,False,False,413.8197789891696,956.7559280432754,0.28749210841234346
TXN_29329F52,2024-05-30 04:48:00,181.93,USD,CHANNEL_007,Airlines Holidays,CARD,2024-05-31,2024-05-31,MATCHED,2.41,REF_809922,0,False,,,4,3,False,False,289.37843749999996,201.46105413533996,0.5333459509638867
TXN_D1E9520F,2024-05-30 06:52:00,6239.554858436982,GBP,CHANNEL_004,New .com,AMOP,2024-06-02,2024-06-04,UNMATCHED,155.98887146092454,REF_666456,2,True,high_amount,Unusually high transaction amount detected.,6,3,False,False,413.8197789891696,956.7559280432754,6.089050413685345
TXN_170F4E6A,2024-05-30 07:31:00,97.32,USD,CHANNEL_009,ANDC,DIGITAL_WALLET,2024-06-01,2024-06-01,MATCHED,2.82,REF_526850,0,False,,,7,3,False,False,585.2624009644618,1888.243275053581,0.2584107712236475
TXN_8173FEEC,2024-05-30 07:35:00,354.85,EUR,CHANNEL_001,Airlines.com,AMOP,2024-06-02,2024-06-02,MATCHED,6.52,REF_700534,0,True,duplicate,Duplicate transaction detected.,7,3,False,False,529.5399166114732,1898.670997744395,0.09200641755154176
TXN_08F8017D,2024-05-30 07:35:00,354.85,EUR,CHANNEL_001,Airlines.com,AMOP,2024-06-02,2024-06-02,MATCHED,6.52,REF_700534,0,True,duplicate,Duplicate transaction detected.,7,3,False,False,529.5399166114732,1898.670997744395,0.09200641755154176
TXN_0654F41F,2024-05-30 16:28:00,234.2,GBP,CHANNEL_007,Airlines Holidays,CARD,2024-05-31,2024-05-31,MATCHED,6.34,REF_880009,0,False,,,16,3,False,True,289.37843749999996,201.46105413533996,0.27389133714614405
TXN_8573846E,2024-05-30 21:51:00,349.25,GBP,CHANNEL_004,New .com,AMOP,2024-06-02,2024-06-02,MATCHED,7.3,REF_249145,0,False,,,21,3,False,False,413.8197789891696,956.7559280432754,0.06748824553533263
TXN_A60ABB07,2024-05-30 23:42:00,106.22,USD,CHANNEL_009,ANDC,CARD,2024-06-01,2024-06-01,MATCHED,1.51,REF_322096,0,False,,,23,3,False,False,585.2624009644618,1888.243275053581,0.2536973955068731
TXN_2129DD67,2024-05-31 06:47:00,159.35,USD,CHANNEL_002,Mobile App,DIGITAL_WALLET,2024-06-02,2024-06-02,MATCHED,2.0,REF_101760,0,False,,,6,4,False,False,289.71385321100917,220.87662228085722,0.5902111860676866
TXN_4B706B82,2024-05-31 08:20:00,190.68,USD,CHANNEL_004,New .com,CARD,2024-06-01,2024-06-01,MATCHED,5.27,REF_800646,0,False,,,8,4,False,False,413.8197789891696,956.7559280432754,0.23322539474150683
TXN_FD2F84D2,2024-05-31 13:02:00,226.15,GBP,CHANNEL_001,Airlines.com,CARD,2024-06-03,2024-06-05,MATCHED,3.31,REF_835392,2,False,,,13,4,False,True,529.5399166114732,1898.670997744395,0.15979067304019387
TXN_E57BFB3C,2024-05-31 18:42:00,189.55,EUR,CHANNEL_001,Airlines.com,CARD,2024-06-02,2024-06-02,MATCHED,3.52,REF_443254,0,False,,,18,4,False,False,529.5399166114732,1898.670997744395,0.1790673144612091
TXN_9F914390,2024-06-01 00:03:00,193.29,GBP,CHANNEL_006,FLY,CARD,2024-06-02,2024-06-02,MATCHED,4.98,REF_317220,0,False,,,0,5,True,False,371.08757800219786,994.9815597278657,0.17869434489904187
TXN_5B21B0F3,2024-06-01 01:49:00,203.33,USD,CHANNEL_010,PBL,DIGITAL_WALLET,2024-06-04,2024-06-04,MATCHED,4.03,REF_842057,0,False,,,1,5,True,False,385.4075653356448,1550.0644555145593,0.11746451232261972
TXN_338FF312,2024-06-01 04:53:00,348.85,USD,CHANNEL_008,Contact Center,AMOP,2024-06-03,2024-06-03,MATCHED,5.15,REF_705822,0,False,,,4,5,True,False,306.0762376237624,215.62196186312508,0.19837386695975825
TXN_0F955467,2024-06-01 20:19:00,181.94,EUR,CHANNEL_001,Airlines.com,DIGITAL_WALLET,2024-06-02,2024-06-02,MATCHED,3.21,REF_956835,0,False,,,20,5,True,False,529.5399166114732,1898.670997744395,0.18307538116104316
TXN_6BD92151,2024-06-02 08:53:00,600.22,EUR,CHANNEL_007,Airlines Holidays,AMOP,2024-06-05,2024-06-05,MATCHED,8.56,REF_660033,0,False,,,8,6,True,False,289.37843749999996,201.46105413533996,1.5429362455890812
TXN_FA059086,2024-06-02 09:22:00,217.94,EUR,CHANNEL_002,Mobile App,DIGITAL_WALLET,2024-06-05,2024-06-05,MATCHED,3.11,REF_467121,0,False,,,9,6,True,True,289.71385321100917,220.87662228085722,0.32494997646126905
TXN_B1E77132,2024-06-02 11:24:00,230.61,GBP,CHANNEL_003,Staff Travel,DIGITAL_WALLET,2024-06-04,2024-06-04,MATCHED,2.88,REF_332281,0,False,,,11,6,True,True,495.366892976174,1638.3171994323789,0.1616029503126154
TXN_C7A9F61E,2024-06-02 12:42:00,191.7,GBP,CHANNEL_006,FLY,DIGITAL_WALLET,2024-06-05,2024-07-05,UNMATCHED,4.68,REF_538897,23,True,settlement_delay,Excessive settlement delay detected.,12,6,True,True,371.08757800219786,994.9815597278657,0.18029236446478628
TXN_5172660E,2024-06-02 13:05:00,675.47,GBP,CHANNEL_002,Mobile App,AMOP,2024-06-05,2024-06-09,MATCHED,11.76,REF_520106,4,False,,,13,6,True,True,289.71385321100917,220.87662228085722,1.7464779332711813
TXN_4E2038D3,2024-06-02 22:47:00,154.31,USD,CHANNEL_001,Airlines.com,CARD,2024-06-04,2024-06-04,MATCHED,3.1,REF_488918,0,False,,,22,6,True,False,529.5399166114732,1898.670997744395,0.1976276653813342
TXN_AE763666,2024-06-02 23:19:00,79.08,EUR,CHANNEL_008,Contact Center,CARD,2024-06-04,2024-06-04,MATCHED,1.43,REF_981913,0,False,,,23,6,True,False,306.0762376237624,215.62196186312508,1.0527510076541164
TXN_DF61FD83,2024-06-03 03:59:00,288.16,USD,CHANNEL_006,FLY,AMOP,2024-06-06,2024-06-06,MATCHED,8.58,REF_240718,0,False,,,3,0,False,False,371.08757800219786,994.9815597278657,0.0833458441429599
TXN_574E8B8E,2024-06-03 12:31:00,741.67,GBP,CHANNEL_009,ANDC,AMOP,2024-06-04,2024-06-04,MATCHED,18.81,REF_342034,0,False,,,12,0,False,True,585.2624009644618,1888.243275053581,0.08283233474304307
TXN_6A6E0564,2024-06-03 19:40:00,118.13,EUR,CHANNEL_005,NDC,DIGITAL_WALLET,2024-06-06,2024-06-06,MATCHED,1.67,REF_965401,0,False,,,19,0,False,False,241.44414893617022,171.1966887643904,0.7203068577213046
TXN_DC173A78,2024-06-03 21:20:00,389.76,EUR,CHANNEL_003,Staff Travel,AMOP,2024-06-04,2024-06-04,MATCHED,8.76,REF_616096,0,False,,,21,0,False,False,495.366892976174,1638.3171994323789,0.06446058981298809
TXN_A0EE9AF9,2024-06-03 22:27:00,175.97,USD,CHANNEL_003,Staff Travel,DIGITAL_WALLET,2024-06-04,2024-06-04,MATCHED,3.0,REF_744718,0,False,,,22,0,False,False,495.366892976174,1638.3171994323789,0.19495424517720628
TXN_16B4D331,2024-06-03 22:56:00,340.34,EUR,CHANNEL_009,ANDC,AMOP,2024-06-05,2024-06-05,MATCHED,7.13,REF_763311,0,False,,,22,0,False,False,585.2624009644618,1888.243275053581,0.1297091345168497
TXN_F2F32797,2024-06-03 23:31:00,102.24,EUR,CHANNEL_005,NDC,DIGITAL_WALLET,2024-06-06,2024-06-06,MATCHED,1.76,REF_943726,0,False,,,23,0,False,False,241.44414893617022,171.1966887643904,0.8131240734904053
TXN_34ACF69E,2024-06-04 04:20:00,108.85,USD,CHANNEL_006,FLY,DIGITAL_WALLET,2024-06-05,2024-06-05,MATCHED,3.21,REF_211341,0,False,,,4,1,False,False,371.08757800219786,994.9815597278657,0.2635602393213415
TXN_66E4EC69,2024-06-04 06:49:00,264.94,GBP,CHANNEL_005,NDC,DIGITAL_WALLET,2024-06-06,2024-06-06,MATCHED,4.55,REF_620465,0,False,,,6,1,False,False,241.44414893617022,171.1966887643904,0.13724477519635886
TXN_5FCA2422,2024-06-04 23:31:00,154.09,EUR,CHANNEL_005,NDC,CARD,2024-06-05,2024-06-05,MATCHED,4.01,REF_810687,0,False,,,23,1,False,False,241.44414893617022,171.1966887643904,0.5102560660877703
TXN_D350BF23,2024-06-05 02:22:00,544.65,EUR,CHANNEL_007,Airlines Holidays,AMOP,2024-06-06,2024-06-06,MATCHED,14.78,REF_304553,0,False,,,2,2,False,False,289.37843749999996,201.46105413533996,1.2671012945683813
TXN_63EAC790,2024-06-05 03:08:00,275.07,USD,CHANNEL_002,Mobile App,AMOP,2024-06-07,2024-06-07,MATCHED,7.12,REF_251275,0,False,,,3,2,False,False,289.71385321100917,220.87662228085722,0.06629879187661915
TXN_0CEF1E4C,2024-06-05 05:23:00,459.56,USD,CHANNEL_006,FLY,AMOP,2024-06-07,2024-06-07,MATCHED,8.35,REF_761532,0,False,,,5,2,False,False,371.08757800219786,994.9815597278657,0.08891865495678127
TXN_DC911D2B,2024-06-05 06:12:00,196.85,GBP,CHANNEL_002,Mobile App,AMOP,2024-06-06,2024-06-06,MATCHED,3.77,REF_534603,0,False,,,6,2,False,False,289.71385321100917,220.87662228085722,0.4204331461250231
TXN_F6939C36,2024-06-05 15:12:00,92.15,EUR,CHANNEL_004,New .com,AMOP,2024-06-07,2024-06-07,MATCHED,1.47,REF_823769,0,False,,,15,2,False,True,413.8197789891696,956.7559280432754,0.3362088172759354
TXN_41DBB985,2024-06-05 20:27:00,188.0,EUR,CHANNEL_002,Mobile App,CARD,2024-06-06,2024-06-06,MATCHED,2.09,REF_200485,0,False,,,20,2,False,False,289.71385321100917,220.87662228085722,0.46050076355149167
TXN_902DF996,2024-06-05 23:57:00,534.92,EUR,CHANNEL_009,ANDC,AMOP,2024-06-06,2024-06-06,MATCHED,10.12,REF_371782,0,False,,,23,2,False,False,585.2624009644618,1888.243275053581,0.02666097193595635
TXN_A967FCBD,2024-06-06 11:19:00,161.69,EUR,CHANNEL_006,FLY,CARD,2024-06-09,2024-06-09,MATCHED,4.07,REF_901561,0,False,,,11,3,False,True,371.08757800219786,994.9815597278657,0.21045372746352156
TXN_19529F1A,2024-06-06 15:44:00,443.86,GBP,CHANNEL_006,FLY,AMOP,2024-06-07,2024-06-07,MATCHED,8.23,REF_855185,0,False,,,15,3,False,True,371.08757800219786,994.9815597278657,0.07313946804974547
TXN_D55F86B6,2024-06-06 19:39:00,179.66,USD,CHANNEL_004,New .com,DIGITAL_WALLET,2024-06-09,2024-06-09,MATCHED,3.59,REF_501620,0,False,,,19,3,False,False,413.8197789891696,956.7559280432754,0.244743483814169
TXN_F14B041B,2024-06-06 20:33:00,138.95,EUR,CHANNEL_005,NDC,DIGITAL_WALLET,2024-06-07,2024-06-07,MATCHED,1.55,REF_311505,0,False,,,20,3,False,False,241.44414893617022,171.1966887643904,0.5986923560024453
TXN_5D10561D,2024-06-06 21:28:00,226.48,GBP,CHANNEL_004,New .com,CARD,2024-06-07,2024-06-07,MATCHED,2.9,REF_550246,0,False,,,21,3,False,False,413.8197789891696,956.7559280432754,0.1958072832350363
TXN_59998DD7,2024-06-07 03:21:00,349.57,EUR,CHANNEL_001,Airlines.com,AMOP,2024-06-08,2024-06-08,MATCHED,5.79,REF_847948,0,False,,,3,4,False,False,529.5399166114732,1898.670997744395,0.09478731008440956
TXN_99D1FDEA,2024-06-07 04:07:00,119.42,GBP,CHANNEL_008,Contact Center,CARD,2024-06-08,2024-06-08,MATCHED,3.52,REF_816308,0,False,,,4,4,False,False,306.0762376237624,215.62196186312508,0.865664313648394
TXN_ACD16666,2024-06-07 07:49:00,657.42,USD,CHANNEL_009,ANDC,AMOP,2024-06-09,2024-06-09,UNMATCHED,18.52,REF_420214,0,False,,,7,4,False,False,585.2624009644618,1888.243275053581,0.03821414326683653
TXN_7098EB3D,2024-06-07 11:09:00,199.04,GBP,CHANNEL_002,Mobile App,CARD,2024-06-10,2024-06-10,MATCHED,4.68,REF_998723,0,False,,,11,4,False,True,289.71385321100917,220.87662228085722,0.41051810859237153
TXN_E633BE63,2024-06-07 12:09:00,198.58,EUR,CHANNEL_004,New .com,CARD,2024-06-08,2024-06-08,MATCHED,5.75,REF_539122,0,False,,,12,4,False,True,413.8197789891696,956.7559280432754,0.22496832544259293
TXN_4CDA5C66,2024-06-07 13:14:00,154.12,EUR,CHANNEL_010,PBL,DIGITAL_WALLET,2024-06-09,2024-06-09,MATCHED,1.57,REF_750338,0,False,,,13,4,False,True,385.4075653356448,1550.0644555145593,0.1492115792429203
TXN_6A40BC31,2024-06-07 21:15:00,178.54,GBP,CHANNEL_008,Contact Center,DIGITAL_WALLET,2024-06-10,2024-06-10,MATCHED,2.61,REF_109853,0,False,,,21,4,False,False,306.0762376237624,215.62196186312508,0.5914807402815547
TXN_1A2291DC,2024-06-07 23:09:00,154.35,GBP,CHANNEL_004,New .com,CARD,2024-06-08,2024-06-08,MATCHED,4.26,REF_920391,0,False,,,23,4,False,False,413.8197789891696,956.7559280432754,0.27119746153005647
TXN_609672BC,2024-06-08 00:18:00,195.95,GBP,CHANNEL_008,Contact Center,CARD,2024-06-10,2024-06-10,MATCHED,3.94,REF_388586,0,False,,,0,5,True,False,306.0762376237624,215.62196186312508,0.5107375736320846
TXN_3839DBC3,2024-06-08 05:46:00,254.62,USD,CHANNEL_008,Contact Center,CARD,2024-06-11,2024-06-11,MATCHED,4.4,REF_398768,0,False,,,5,5,True,False,306.0762376237624,215.62196186312508,0.2386409861924285
TXN_C4E582B4,2024-06-08 19:41:00,126.77,USD,CHANNEL_008,Contact Center,DIGITAL_WALLET,2024-06-11,2024-06-11,MATCHED,3.52,REF_416178,0,False,,,19,5,True,False,306.0762376237624,215.62196186312508,0.8315768768377333
TXN_DCE9FC2C,2024-06-08 22:37:00,195.82,USD,CHANNEL_005,NDC,CARD,2024-06-11,2024-06-11,MATCHED,2.82,REF_318877,0,False,,,22,5,True,False,241.44414893617022,171.1966887643904,0.26650135154752036
TXN_8294C5FC,2024-06-09 01:03:00,133.92,GBP,CHANNEL_006,FLY,DIGITAL_WALLET,2024-06-10,2024-06-10,MATCHED,3.22,REF_685472,0,False,,,1,6,True,False,371.08757800219786,994.9815597278657,0.23836379245768619
TXN_2F342DF6,2024-06-09 02:31:00,278.67,USD,CHANNEL_008,Contact Center,DIGITAL_WALLET,2024-06-12,2024-06-12,MATCHED,3.1,REF_910894,0,False,,,2,6,True,False,306.0762376237624,215.62196186312508,0.12710318275074226
TXN_205CC843,2024-06-09 04:01:00,181.44,GBP,CHANNEL_002,Mobile App,DIGITAL_WALLET,2024-06-11,2024-06-11,UNMATCHED,4.83,REF_501219,0,False,,,4,6,True,False,289.71385321100917,220.87662228085722,0.4902006020054616
TXN_6ED236F9,2024-06-09 10:09:00,190.64,USD,CHANNEL_008,Contact Center,CARD,2024-06-11,2024-06-11,MATCHED,3.59,REF_469038,0,False,,,10,6,True,True,306.0762376237624,215.62196186312508,0.5353640075728479
TXN_6A06BB05,2024-06-09 10:24:00,475.65,USD,CHANNEL_002,Mobile App,AMOP,2024-06-11,2024-06-11,MATCHED,14.19,REF_359642,0,False,,,10,6,True,True,289.71385321100917,220.87662228085722,0.8418099881686999
TXN_4115DE1C,2024-06-09 14:45:00,131.73,GBP,CHANNEL_001,Airlines.com,DIGITAL_WALLET,2024-06-12,2024-06-12,MATCHED,2.33,REF_546590,0,False,,,14,6,True,True,529.5399166114732,1898.670997744395,0.2095201944328786
TXN_83DAA0A9,2024-06-09 15:29:00,194.98,USD,CHANNEL_010,PBL,DIGITAL_WALLET,2024-06-12,2024-06-12,UNMATCHED,4.61,REF_438908,0,False,,,15,6,True,True,385.4075653356448,1550.0644555145593,0.12285138508800299
TXN_B32E335A,2024-06-09 22:32:00,199.37,EUR,CHANNEL_007,Airlines Holidays,AMOP,2024-06-12,2024-06-12,MATCHED,3.6,REF_390946,0,False,,,22,6,True,False,289.37843749999996,201.46105413533996,0.4467783507155333
TXN_F793E4A3,2024-06-09 22:56:00,81.12,GBP,CHANNEL_008,Contact Center,DIGITAL_WALLET,2024-06-10,2024-06-10,MATCHED,1.81,REF_338536,0,False,,,22,6,True,False,306.0762376237624,215.62196186312508,1.0432900047842186
TXN_B7F8C5C0,2024-06-10 05:20:00,154.81,USD,CHANNEL_001,Airlines.com,CARD,2024-06-11,2024-06-11,MATCHED,2.39,REF_923353,0,False,,,5,0,False,False,529.5399166114732,1898.670997744395,0.1973643232854187
TXN_7BAB738D,2024-06-10 08:55:00,57.02,EUR,CHANNEL_003,Staff Travel,DIGITAL_WALLET,2024-06-11,2024-06-11,MATCHED,1.58,REF_929420,0,False,,,8,0,False,False,495.366892976174,1638.3171994323789,0.26755923280793625
TXN_E17E837E,2024-06-10 12:27:00,160.96,USD,CHANNEL_006,FLY,CARD,2024-06-13,2024-06-18,MATCHED,3.78,REF_882186,5,False,,,12,0,False,True,371.08757800219786,994.9815597278657,0.21118740940251113
TXN_A3D34792,2024-06-10 16:05:00,118.74,EUR,CHANNEL_008,Contact Center,DIGITAL_WALLET,2024-06-13,2024-06-13,MATCHED,2.62,REF_431862,0,False,,,16,0,False,True,306.0762376237624,215.62196186312508,0.8688179812716933
TXN_0F891C4E,2024-06-11 15:07:00,504.25,GBP,CHANNEL_005,NDC,AMOP,2024-06-14,2024-06-14,MATCHED,10.0,REF_901865,0,False,,,15,1,False,True,241.44414893617022,171.1966887643904,1.5351105968265344
TXN_B88EFBCD,2024-06-12 02:06:00,210.06,EUR,CHANNEL_004,New .com,DIGITAL_WALLET,2024-06-15,2024-06-15,MATCHED,3.59,REF_776364,0,False,,,2,2,False,False,413.8197789891696,956.7559280432754,0.21296944499303197
TXN_85606301,2024-06-12 03:01:00,174.84,GBP,CHANNEL_005,NDC,CARD,2024-06-13,2024-06-13,MATCHED,2.24,REF_191161,0,False,,,3,2,False,False,241.44414893617022,171.1966887643904,0.3890504507819906
TXN_60543BE1,2024-06-12 05:50:00,193.62,GBP,CHANNEL_006,FLY,DIGITAL_WALLET,2024-06-13,2024-06-13,MATCHED,2.41,REF_618019,0,False,,,5,2,False,False,371.08757800219786,994.9815597278657,0.1783626804608685
TXN_3FED7BCE,2024-06-12 10:26:00,88.71,USD,CHANNEL_010,PBL,DIGITAL_WALLET,2024-06-13,2024-06-13,MATCHED,2.39,REF_428709,0,False,,,10,2,False,True,385.4075653356448,1550.0644555145593,0.19140982446252733
TXN_A360A48A,2024-06-12 11:06:00,543.29,GBP,CHANNEL_004,New .com,AMOP,2024-06-15,2024-06-15,MATCHED,12.16,REF_779112,0,False,,,11,2,False,True,413.8197789891696,956.7559280432754,0.1353220996243195
TXN_A8E6BCD7,2024-06-12 21:27:00,207.19,EUR,CHANNEL_007,Airlines Holidays,CARD,2024-06-13,2024-06-13,MATCHED,4.62,REF_104666,0,False,,,21,2,False,False,289.37843749999996,201.46105413533996,0.4079619152830721
TXN_5EABDF24,2024-06-13 05:40:00,153.35,GBP,CHANNEL_008,Contact Center,DIGITAL_WALLET,2024-06-14,2024-06-14,MATCHED,1.54,REF_186226,0,False,,,5,3,False,False,306.0762376237624,215.62196186312508,0.708305574738772
TXN_86F7C936,2024-06-13 08:13:00,222.19,GBP,CHANNEL_003,Staff Travel,CARD,2024-06-16,2024-06-16,MATCHED,3.83,REF_534753,0,False,,,8,3,False,False,495.366892976174,1638.3171994323789,0.16674237020207106
TXN_486B4E9A,2024-06-13 09:20:00,194.16,GBP,CHANNEL_001,Airlines.com,DIGITAL_WALLET,2024-06-16,2024-06-16,MATCHED,4.07,REF_286657,0,False,,,9,3,False,True,529.5399166114732,1898.670997744395,0.17663930033686814
TXN_4563967E,2024-06-13 13:17:00,244.06,EUR,CHANNEL_006,FLY,CARD,2024-06-15,2024-06-15,MATCHED,6.02,REF_420310,0,False,,,13,3,False,True,371.08757800219786,994.9815597278657,0.12766827360794583
TXN_32C77BDF,2024-06-14 10:04:00,204.94,EUR,CHANNEL_006,FLY,CARD,2024-06-16,2024-06-16,MATCHED,4.83,REF_731977,0,False,,,10,4,False,True,371.08757800219786,994.9815597278657,0.16698558518777007
TXN_C499F8D2,2024-06-14 11:03:00,477.05,GBP,CHANNEL_007,Airlines Holidays,AMOP,2024-06-16,2024-06-16,MATCHED,14.01,REF_770556,0,False,,,11,4,False,True,289.37843749999996,201.46105413533996,0.9315525688350849
TXN_5C8A1583,2024-06-14 11:51:00,169.1,GBP,CHANNEL_008,Contact Center,DIGITAL_WALLET,2024-06-16,2024-06-16,MATCHED,1.76,REF_141406,0,False,,,11,4,False,True,306.0762376237624,215.62196186312508,0.6352610672873559
TXN_90A75AA5,2024-06-14 17:24:00,125.53,EUR,CHANNEL_004,New .com,DIGITAL_WALLET,2024-06-17,2024-06-21,MATCHED,1.98,REF_926394,4,False,,,17,4,False,True,413.8197789891696,956.7559280432754,0.3013200864914106
TXN_4E19525F,2024-06-14 19:38:00,622.12,EUR,CHANNEL_005,NDC,AMOP,2024-06-15,2024-06-15,MATCHED,7.57,REF_440930,0,False,,,19,4,False,False,241.44414893617022,171.1966887643904,2.2236169041080887
TXN_9D8A09B8,2024-06-15 10:37:00,148.67,EUR,CHANNEL_007,Airlines Holidays,CARD,2024-06-16,2024-06-18,MATCHED,3.64,REF_417393,2,False,,,10,5,True,True,289.37843749999996,201.46105413533996,0.6984398950155057
TXN_087D55AE,2024-06-15 20:04:00,197.64,EUR,CHANNEL_009,ANDC,CARD,2024-06-16,2024-06-16,MATCHED,3.74,REF_967661,0,False,,,20,5,True,False,585.2624009644618,1888.243275053581,0.20528202381838884
TXN_58205449,2024-06-16 08:47:00,231.43,GBP,CHANNEL_008,Contact Center,CARD,2024-06-18,2024-06-18,MATCHED,6.15,REF_243941,0,False,,,8,6,True,False,306.0762376237624,215.62196186312508,0.3461903276399421
TXN_BE89C1D0,2024-06-16 12:23:00,147.72,GBP,CHANNEL_010,PBL,DIGITAL_WALLET,2024-06-18,2024-06-18,MATCHED,3.0,REF_525556,0,False,,,12,6,True,True,385.4075653356448,1550.0644555145593,0.15334043980560927
TXN_4FE578B3,2024-06-16 15:59:00,179.88,EUR,CHANNEL_002,Mobile App,AMOP,2024-06-19,2024-06-19,MATCHED,2.02,REF_961957,0,False,,,15,6,True,True,289.71385321100917,220.87662228085722,0.49726336846707647
TXN_58FD7382,2024-06-16 19:28:00,135.41,EUR,CHANNEL_006,FLY,DIGITAL_WALLET,2024-06-19,2024-06-19,MATCHED,3.81,REF_940494,0,False,,,19,6,True,False,371.08757800219786,994.9815597278657,0.23686627726714582
TXN_32798396,2024-06-17 04:47:00,480.16,GBP,CHANNEL_008,Contact Center,AMOP,2024-06-19,2024-06-19,MATCHED,6.9,REF_345386,0,False,,,4,0,False,False,306.0762376237624,215.62196186312508,0.8073563605118502
TXN_6CB7F0E4,2024-06-17 04:57:00,147.99,GBP,CHANNEL_010,PBL,DIGITAL_WALLET,2024-06-20,2024-06-20,MATCHED,4.13,REF_488368,0,False,,,4,0,False,False,385.4075653356448,1550.0644555145593,0.15316625350062082
TXN_49089E05,2024-06-17 11:55:00,215.67,USD,CHANNEL_002,Mobile App,CARD,2024-06-20,2024-06-20,UNMATCHED,5.9,REF_633243,0,False,,,11,0,False,True,289.71385321100917,220.87662228085722,0.33522720714579834
TXN_04AB92B5,2024-06-17 16:18:00,160.42,EUR,CHANNEL_004,New .com,CARD,2024-06-20,2024-06-20,MATCHED,3.24,REF_137812,0,False,,,16,0,False,True,413.8197789891696,956.7559280432754,0.2648531057522834
TXN_5C1E849B,2024-06-17 21:53:00,265.73,GBP,CHANNEL_003,Staff Travel,DIGITAL_WALLET,2024-06-20,2024-06-24,MATCHED,7.46,REF_482584,4,False,,,21,0,False,False,495.366892976174,1638.3171994323789,0.14016632008486227
TXN_84CEEAC3,2024-06-18 03:41:00,194.48,EUR,CHANNEL_001,Airlines.com,CARD,2024-06-20,2024-06-20,MATCHED,2.4,REF_597440,0,False,,,3,1,False,False,529.5399166114732,1898.670997744395,0.17647076139548218
TXN_9CCF645F,2024-06-18 09:19:00,201.46,GBP,CHANNEL_004,New .com,CARD,2024-06-21,2024-06-21,MATCHED,3.6,REF_478356,0,False,,,9,1,False,True,413.8197789891696,956.7559280432754,0.22195815334374835
TXN_329104B8,2024-06-18 19:04:00,139.44,USD,CHANNEL_003,Staff Travel,DIGITAL_WALLET,2024-06-21,2024-06-21,MATCHED,3.49,REF_644098,0,False,,,19,1,False,False,495.366892976174,1638.3171994323789,0.21725151460259987
TXN_FCC3BD6B,2024-06-19 03:53:00,128.68,GBP,CHANNEL_006,FLY,DIGITAL_WALLET,2024-06-21,2024-06-21,MATCHED,2.55,REF_543621,0,False,,,3,2,False,False,371.08757800219786,994.9815597278657,0.24363022171837836
TXN_0B87E5A7,2024-06-19 05:46:00,171.2,USD,CHANNEL_003,Staff Travel,CARD,2024-06-21,2024-06-21,MATCHED,3.47,REF_755017,0,False,,,5,2,False,False,495.366892976174,1638.3171994323789,0.19786576927135158
TXN_83E61DF2,2024-06-19 07:51:00,71.46,USD,CHANNEL_004,New .com,DIGITAL_WALLET,2024-06-20,2024-06-20,MATCHED,1.46,REF_615524,0,False,,,7,2,False,False,413.8197789891696,956.7559280432754,0.3578339772499264
TXN_37C375EF,2024-06-19 12:17:00,226.54,USD,CHANNEL_003,Staff Travel,DIGITAL_WALLET,2024-06-22,2024-06-26,MATCHED,6.36,REF_523533,4,True,duplicate,Duplicate transaction detected.,12,2,False,True,495.366892976174,1638.3171994323789,0.1640872067199889
TXN_B693FB00,2024-06-19 12:17:00,226.54,USD,CHANNEL_003,Staff Travel,DIGITAL_WALLET,2024-06-22,2024-06-26,MATCHED,6.36,REF_523533,4,True,duplicate,Duplicate transaction detected.,12,2,False,True,495.366892976174,1638.3171994323789,0.1640872067199889
TXN_63A76CB9,2024-06-19 15:04:00,229.93,EUR,CHANNEL_006,FLY,CARD,2024-06-21,2024-06-21,MATCHED,6.49,REF_343715,0,False,,,15,2,False,True,371.08757800219786,994.9815597278657,0.14186954182427805
TXN_E80AF64C,2024-06-20 00:43:00,109.71,USD,CHANNEL_005,NDC,CARD,2024-06-21,2024-06-21,MATCHED,1.88,REF_658155,0,False,,,0,3,False,False,241.44414893617022,171.1966887643904,0.7694900519803248
TXN_471B2C63,2024-06-20 01:12:00,209.42,USD,CHANNEL_005,NDC,CARD,2024-06-21,2024-06-21,MATCHED,4.96,REF_409477,0,False,,,1,3,False,False,241.44414893617022,171.1966887643904,0.1870605627205997
TXN_793C4C9F,2024-06-20 02:16:00,191.7,EUR,CHANNEL_002,Mobile App,CARD,2024-06-22,2024-06-22,MATCHED,4.14,REF_345925,0,False,,,2,3,False,False,289.71385321100917,220.87662228085722,0.4437493302771489
TXN_6703488B,2024-06-20 07:16:00,339.36,USD,CHANNEL_009,ANDC,AMOP,2024-06-23,2024-06-23,MATCHED,7.73,REF_227982,0,False,,,7,3,False,False,585.2624009644618,1888.243275053581,0.13022813543847203
TXN_10D335A2,2024-06-20 15:09:00,214.77,GBP,CHANNEL_002,Mobile App,DIGITAL_WALLET,2024-06-21,2024-06-21,MATCHED,5.26,REF_578938,0,False,,,15,3,False,True,289.71385321100917,220.87662228085722,0.33930188010442214
TXN_F106D75C,2024-06-20 20:46:00,648.65,GBP,CHANNEL_006,FLY,AMOP,2024-06-21,2024-06-21,MATCHED,9.93,REF_925250,0,False,,,20,3,False,False,371.08757800219786,994.9815597278657,0.2789623780301188
TXN_E24275BE,2024-06-20 21:51:00,207.14,GBP,CHANNEL_007,Airlines Holidays,DIGITAL_WALLET,2024-06-21,2024-06-21,MATCHED,5.55,REF_513160,0,False,,,21,3,False,False,289.37843749999996,201.46105413533996,0.40821010221038967
TXN_23D8BA61,2024-06-21 04:45:00,175.7,EUR,CHANNEL_007,Airlines Holidays,DIGITAL_WALLET,2024-06-23,2024-06-23,MATCHED,2.63,REF_916368,0,False,,,4,4,False,False,289.37843749999996,201.46105413533996,0.5642700421076506
TXN_29863141,2024-06-21 09:39:00,156.11,EUR,CHANNEL_010,PBL,DIGITAL_WALLET,2024-06-23,2024-06-23,MATCHED,2.12,REF_137581,0,False,,,9,4,False,True,385.4075653356448,1550.0644555145593,0.1479277616617092
TXN_20D95A30,2024-06-21 15:07:00,113.27,GBP,CHANNEL_004,New .com,DIGITAL_WALLET,2024-06-23,2024-06-23,MATCHED,1.56,REF_236523,0,False,,,15,4,False,True,413.8197789891696,956.7559280432754,0.3141342218844087
TXN_E5EF36AC,2024-06-21 16:31:00,228.7,USD,CHANNEL_008,Contact Center,CARD,2024-06-23,2024-06-23,MATCHED,5.09,REF_275715,0,False,,,16,4,False,True,306.0762376237624,215.62196186312508,0.35885137559818764
TXN_29590475,2024-06-21 17:11:00,119.38,EUR,CHANNEL_001,Airlines.com,DIGITAL_WALLET,2024-06-22,2024-06-22,MATCHED,2.36,REF_504639,0,False,,,17,4,False,True,529.5399166114732,1898.670997744395,0.2160247442019917
TXN_A58F5F5C,2024-06-21 18:49:00,219.51,USD,CHANNEL_004,New .com,DIGITAL_WALLET,2024-06-22,2024-06-22,MATCHED,5.17,REF_108887,0,False,,,18,4,False,False,413.8197789891696,956.7559280432754,0.2030923177936983
TXN_563C3AF9,2024-06-21 20:35:00,222.06,EUR,CHANNEL_001,Airlines.com,DIGITAL_WALLET,2024-06-23,2024-06-26,MATCHED,5.9,REF_423993,3,False,,,20,4,False,False,529.5399166114732,1898.670997744395,0.1619448113847827
TXN_C9B3447F,2024-06-22 07:41:00,366.37,EUR,CHANNEL_003,Staff Travel,AMOP,2024-06-25,2024-06-25,MATCHED,8.28,REF_183029,0,False,,,7,5,True,False,495.366892976174,1638.3171994323789,0.07873743437526445
TXN_D6AFD944,2024-06-22 12:20:00,152.49,EUR,CHANNEL_002,Mobile App,DIGITAL_WALLET,2024-06-24,2024-06-24,MATCHED,3.19,REF_901351,0,False,,,12,5,True,True,289.71385321100917,220.87662228085722,0.6212692488411978
TXN_89658221,2024-06-22 19:12:00,169.96,EUR,CHANNEL_010,PBL,DIGITAL_WALLET,2024-06-23,2024-06-23,MATCHED,3.91,REF_440881,0,False,,,19,5,True,False,385.4075653356448,1550.0644555145593,0.13899264935026512
TXN_5D3260FF,2024-06-22 19:55:00,435.03,GBP,CHANNEL_004,New .com,AMOP,2024-06-24,2024-06-24,MATCHED,9.33,REF_445280,0,False,,,19,5,True,False,413.8197789891696,956.7559280432754,0.022168894269836183
TXN_F264AA6D,2024-06-22 20:25:00,298.38,GBP,CHANNEL_006,FLY,AMOP,2024-06-24,2024-06-24,MATCHED,3.05,REF_685098,0,False,,,20,5,True,False,371.08757800219786,994.9815597278657,0.07307429699710605
TXN_108FA761,2024-06-22 21:37:00,155.68,EUR,CHANNEL_008,Contact Center,DIGITAL_WALLET,2024-06-23,2024-06-23,MATCHED,2.52,REF_108060,0,False,,,21,5,True,False,306.0762376237624,215.62196186312508,0.6974996253824672
TXN_A23275DB,2024-06-23 20:04:00,73.64,USD,CHANNEL_005,NDC,DIGITAL_WALLET,2024-06-24,2024-07-16,UNMATCHED,1.81,REF_555589,10,True,settlement_delay,Excessive settlement delay detected.,20,6,True,False,241.44414893617022,171.1966887643904,0.9801833794058415
TXN_64954C3A,2024-06-24 10:35:00,242.34,EUR,CHANNEL_001,Airlines.com,CARD,2024-06-27,2024-06-27,MATCHED,3.64,REF_564586,0,False,,,10,0,False,True,529.5399166114732,1898.670997744395,0.15126365597444963
TXN_1DAAF7C8,2024-06-24 12:19:00,208.97,EUR,CHANNEL_008,Contact Center,CARD,2024-06-26,2024-06-26,MATCHED,2.34,REF_456717,0,False,,,12,0,False,True,306.0762376237624,215.62196186312508,0.45035411413891396
TXN_079B151C,2024-06-24 16:05:00,184.1,USD,CHANNEL_007,Airlines Holidays,DIGITAL_WALLET,2024-06-26,2024-06-26,MATCHED,1.91,REF_903373,0,False,,,16,0,False,True,289.37843749999996,201.46105413533996,0.5225746383183061
TXN_603D76AF,2024-06-24 19:55:00,389.28,USD,CHANNEL_002,Mobile App,AMOP,2024-06-25,2024-06-25,MATCHED,10.82,REF_427659,0,False,,,19,0,False,False,289.71385321100917,220.87662228085722,0.45077720657275705
TXN_25FFC626,2024-06-25 00:54:00,99.39,EUR,CHANNEL_005,NDC,CARD,2024-06-26,2024-06-26,MATCHED,2.2,REF_157219,0,False,,,0,1,False,False,241.44414893617022,171.1966887643904,0.8297715917372234
TXN_0B8067A7,2024-06-25 06:45:00,160.44,EUR,CHANNEL_005,NDC,AMOP,2024-06-27,2024-06-27,MATCHED,3.69,REF_359947,0,False,,,6,1,False,False,241.44414893617022,171.1966887643904,0.47316422718696544
TXN_568E0502,2024-06-25 08:29:00,187.95,USD,CHANNEL_005,NDC,CARD,2024-06-26,2024-06-26,MATCHED,5.09,REF_702733,0,False,,,8,1,False,False,241.44414893617022,171.1966887643904,0.31247186684662814
TXN_D2317308,2024-06-25 11:44:00,67.85,USD,CHANNEL_001,Airlines.com,DIGITAL_WALLET,2024-06-28,2024-06-28,MATCHED,1.94,REF_952624,0,False,,,11,1,False,True,529.5399166114732,1898.670997744395,0.24316478060704405
TXN_BED2C039,2024-06-25 15:41:00,656.36,GBP,CHANNEL_008,Contact Center,AMOP,2024-06-26,2024-06-26,MATCHED,7.79,REF_796212,0,False,,,15,1,False,True,306.0762376237624,215.62196186312508,1.6245272946667404
TXN_CE419A9E,2024-06-25 15:51:00,148.27,GBP,CHANNEL_007,Airlines Holidays,DIGITAL_WALLET,2024-06-28,2024-06-28,UNMATCHED,1.82,REF_985364,0,False,,,15,1,False,True,289.37843749999996,201.46105413533996,0.700425390434046
TXN_3CD3AB7F,2024-06-25 17:14:00,165.71,GBP,CHANNEL_006,FLY,CARD,2024-06-27,2024-06-27,MATCHED,4.38,REF_694731,0,False,,,17,1,False,True,371.08757800219786,994.9815597278657,0.20641345158031876
TXN_7468FF44,2024-06-25 17:19:00,157.99,GBP,CHANNEL_006,FLY,DIGITAL_WALLET,2024-06-26,2024-06-26,MATCHED,3.37,REF_446292,0,False,,,17,1,False,True,371.08757800219786,994.9815597278657,0.21417238934607138
TXN_ED496951,2024-06-25 19:11:00,141.85,EUR,CHANNEL_007,Airlines Holidays,DIGITAL_WALLET,2024-06-27,2024-06-27,MATCHED,3.29,REF_388584,0,False,,,19,1,False,False,289.37843749999996,201.46105413533996,0.7322925919016164
TXN_1FA22DC1,2024-06-25 22:57:00,80.52,USD,CHANNEL_009,ANDC,CARD,2024-06-26,2024-06-26,MATCHED,2.41,REF_265725,0,False,,,22,1,False,False,585.2624009644618,1888.243275053581,0.2673079298800305
TXN_1FF03C99,2024-06-26 00:21:00,102.29,USD,CHANNEL_001,Airlines.com,DIGITAL_WALLET,2024-06-29,2024-06-29,MATCHED,2.76,REF_349736,0,False,,,0,2,False,False,529.5399166114732,1898.670997744395,0.22502577704038376
TXN_737FB7CA,2024-06-26 01:38:00,155.98,USD,CHANNEL_003,Staff Travel,DIGITAL_WALLET,2024-06-27,2024-06-27,MATCHED,3.47,REF_464750,0,False,,,1,2,False,False,495.366892976174,1638.3171994323789,0.20715578954659083
TXN_27E5758F,2024-06-26 08:21:00,367.42,EUR,CHANNEL_009,ANDC,AMOP,2024-06-27,2024-06-27,MATCHED,5.22,REF_865175,0,False,,,8,2,False,False,585.2624009644618,1888.243275053581,0.11536776211120373
TXN_29F97741,2024-06-26 10:54:00,203.8,USD,CHANNEL_010,PBL,DIGITAL_WALLET,2024-06-28,2024-06-28,MATCHED,4.55,REF_927527,0,False,,,10,2,False,True,385.4075653356448,1550.0644555145593,0.11716129912504725
TXN_7B28328C,2024-06-26 18:11:00,8725.056272067126,USD,CHANNEL_003,Staff Travel,CARD,2024-06-29,2024-06-29,MATCHED,218.12640680167817,REF_503348,0,True,high_amount,Unusually high transaction amount detected.,18,2,False,False,495.366892976174,1638.3171994323789,5.02325763407859
TXN_2E91E759,2024-06-26 21:50:00,203.63,GBP,CHANNEL_003,Staff Travel,CARD,2024-06-28,2024-06-28,MATCHED,2.51,REF_487629,0,False,,,21,2,False,False,495.366892976174,1638.3171994323789,0.17807106772562167
TXN_AA683F04,2024-06-26 22:42:00,503.12,EUR,CHANNEL_001,Airlines.com,AMOP,2024-06-29,2024-07-01,MATCHED,14.15,REF_310445,2,False,,,22,2,False,False,529.5399166114732,1898.670997744395,0.01391495242875668
TXN_4539EFDA,2024-06-27 03:28:00,151.6,GBP,CHANNEL_008,Contact Center,CARD,2024-06-28,2024-06-28,MATCHED,3.21,REF_328596,0,False,,,3,3,False,False,306.0762376237624,215.62196186312508,0.7164216311222626
TXN_A94D1C6E,2024-06-27 05:16:00,605.94,EUR,CHANNEL_005,NDC,AMOP,2024-06-30,2024-06-30,UNMATCHED,17.4,REF_906731,0,False,,,5,3,False,False,241.44414893617022,171.1966887643904,2.129105730341944
TXN_776386D6,2024-06-27 07:36:00,157.69,USD,CHANNEL_007,Airlines Holidays,CARD,2024-06-30,2024-06-30,MATCHED,1.71,REF_499749,0,False,,,7,3,False,False,289.37843749999996,201.46105413533996,0.6536669733274239
TXN_DF7D043F,2024-06-27 09:54:00,173.68,EUR,CHANNEL_010,PBL,CARD,2024-06-29,2024-06-29,MATCHED,4.46,REF_172306,0,False,,,9,3,False,True,385.4075653356448,1550.0644555145593,0.13659274914820216
TXN_8D534096,2024-06-27 12:57:00,96.71,EUR,CHANNEL_002,Mobile App,DIGITAL_WALLET,2024-06-28,2024-06-28,MATCHED,1.66,REF_298667,0,False,,,12,3,False,True,289.71385321100917,220.87662228085722,0.873808423987912
TXN_80923354,2024-06-27 17:08:00,688.15,USD,CHANNEL_007,Airlines Holidays,AMOP,2024-06-28,2024-06-28,MATCHED,13.09,REF_311741,0,False,,,17,3,False,True,289.37843749999996,201.46105413533996,1.979397775969684
TXN_82395B6F,2024-06-27 18:06:00,192.03,USD,CHANNEL_007,Airlines Holidays,CARD,2024-06-28,2024-06-28,MATCHED,3.75,REF_727354,0,False,,,18,3,False,False,289.37843749999996,201.46105413533996,0.4832121916457463
TXN_A6F25C3D,2024-06-27 19:17:00,211.99,EUR,CHANNEL_001,Airlines.com,AMOP,2024-06-28,2024-06-28,MATCHED,6.13,REF_993473,0,False,,,19,3,False,False,529.5399166114732,1898.670997744395,0.16724852119652106
TXN_D362A39D,2024-06-27 21:06:00,278.0,USD,CHANNEL_004,New .com,CARD,2024-06-29,2024-06-29,MATCHED,8.2,REF_864201,0,False,,,21,3,False,False,413.8197789891696,956.7559280432754,0.14195864902237249
TXN_5B216374,2024-06-27 21:27:00,187.57,GBP,CHANNEL_003,Staff Travel,CARD,2024-06-28,2024-06-28,MATCHED,3.84,REF_954814,0,False,,,21,3,False,False,495.366892976174,1638.3171994323789,0.18787380922498714
TXN_EA86A8BC,2024-06-28 02:06:00,177.78,GBP,CHANNEL_007,Airlines Holidays,DIGITAL_WALLET,2024-06-30,2024-06-30,MATCHED,2.35,REF_331081,0,False,,,2,4,False,False,289.37843749999996,201.46105413533996,0.5539454659312415
TXN_50340A69,2024-06-28 04:13:00,713.1,USD,CHANNEL_001,Airlines.com,AMOP,2024-07-01,2024-07-13,UNMATCHED,16.57,REF_834764,18,True,settlement_delay,Excessive settlement delay detected.,4,4,False,False,529.5399166114732,1898.670997744395,0.09667819417192057
TXN_13F628FB,2024-06-28 08:35:00,79.62,GBP,CHANNEL_001,Airlines.com,DIGITAL_WALLET,2024-07-01,2024-07-01,MATCHED,0.93,REF_351997,0,False,,,8,4,False,False,529.5399166114732,1898.670997744395,0.23696570766919298
TXN_EA405058,2024-06-28 11:36:00,237.74,EUR,CHANNEL_010,PBL,CARD,2024-06-30,2024-06-30,MATCHED,6.89,REF_139807,0,False,,,11,4,False,True,385.4075653356448,1550.0644555145593,0.09526543545353736
TXN_9A1C7A63,2024-06-28 12:17:00,12592.224661101915,USD,CHANNEL_009,ANDC,DIGITAL_WALLET,2024-07-01,2024-07-05,MATCHED,314.8056165275479,REF_733039,4,True,high_amount,Unusually high transaction amount detected.,12,4,False,True,585.2624009644618,1888.243275053581,6.358800488669417
TXN_31BDBFF8,2024-06-28 17:58:00,115.01,EUR,CHANNEL_008,Contact Center,DIGITAL_WALLET,2024-06-29,2024-06-29,MATCHED,3.05,REF_925618,0,False,,,17,4,False,True,306.0762376237624,215.62196186312508,0.8861167757347906
TXN_474E20BC,2024-06-28 23:05:00,203.93,USD,CHANNEL_004,New .com,CARD,2024-06-29,2024-06-29,MATCHED,2.46,REF_156440,0,False,,,23,4,False,False,413.8197789891696,956.7559280432754,0.21937651268953098
TXN_65016221,2024-06-29 02:35:00,176.83,USD,CHANNEL_004,New .com,CARD,2024-06-30,2024-06-30,MATCHED,2.61,REF_888819,0,False,,,2,5,True,False,413.8197789891696,956.7559280432754,0.24770139598074192
TXN_C009BFF9,2024-06-29 04:12:00,165.4,EUR,CHANNEL_008,Contact Center,CARD,2024-07-01,2024-07-01,MATCHED,4.79,REF_310701,0,False,,,4,5,True,False,306.0762376237624,215.62196186312508,0.6524207293553076
TXN_62C57DB9,2024-06-29 04:33:00,101.75,USD,CHANNEL_004,New .com,DIGITAL_WALLET,2024-07-01,2024-07-01,MATCHED,3.05,REF_281594,0,False,,,4,5,True,False,413.8197789891696,956.7559280432754,0.3261749102797869
TXN_C403764C,2024-06-29 06:13:00,166.92,GBP,CHANNEL_005,NDC,DIGITAL_WALLET,2024-07-02,2024-07-02,MATCHED,3.6,REF_579776,0,False,,,6,5,True,False,241.44414893617022,171.1966887643904,0.4353130278047268
TXN_1CAC9222,2024-06-29 14:40:00,177.5,EUR,CHANNEL_006,FLY,CARD,2024-07-02,2024-07-02,MATCHED,4.29,REF_267666,0,False,,,14,5,True,True,371.08757800219786,994.9815597278657,0.1945639857437613
TXN_73C824B4,2024-06-29 15:20:00,643.51,EUR,CHANNEL_008,Contact Center,AMOP,2024-07-02,2024-07-02,MATCHED,18.45,REF_809489,0,False,,,15,5,True,True,306.0762376237624,215.62196186312508,1.5649322520793942
TXN_DAF70CF9,2024-06-29 18:57:00,92.08,GBP,CHANNEL_002,Mobile App,DIGITAL_WALLET,2024-06-30,2024-06-30,MATCHED,2.53,REF_416900,0,False,,,18,5,True,False,289.71385321100917,220.87662228085722,0.8947703526528329
